{
"type": "FeatureCollection",
"name": "Batas Administrasi",
"crs": { "type": "name", "properties": { "name": "urn:ogc:def:crs:OGC:1.3:CRS84" } },
"features": [
{ "type": "Feature", "properties": { "LEFT_FID": -1, "RIGHT_FID": 0 }, "geometry": { "type": "MultiLineString", "coordinates": [ [ [ 110.654651307166802, -7.59046177166382 ], [ 110.654645704367979, -7.590566692193877 ], [ 110.654645011380325, -7.590579669321035 ], [ 110.654629541440983, -7.59066898745021 ], [ 110.654622325590751, -7.590710653748123 ], [ 110.654616126117688, -7.590730567164917 ], [ 110.654613771207337, -7.590738132816697 ], [ 110.65455499204883, -7.590926955774953 ], [ 110.654535739810726, -7.591007355579749 ], [ 110.654528158612464, -7.591077402055862 ], [ 110.654523616829081, -7.591119370788715 ], [ 110.654520542603677, -7.591137677480624 ], [ 110.654524432034194, -7.591138406026548 ], [ 110.65452829871721, -7.591139239482956 ], [ 110.65453214356647, -7.591140168805011 ], [ 110.654538051165147, -7.591141801702551 ], [ 110.654540974970345, -7.591142715819577 ], [ 110.654546755331367, -7.591144750239164 ], [ 110.654553264090012, -7.591147373199439 ], [ 110.654556879949936, -7.591148977138726 ], [ 110.654563185267293, -7.591152068497644 ], [ 110.654568575089669, -7.591155007163407 ], [ 110.654572007523214, -7.591156990870661 ], [ 110.654578772529689, -7.591161133689759 ], [ 110.654582195715875, -7.591163345337903 ], [ 110.65458275385231, -7.59116372026798 ], [ 110.654588969466062, -7.591167891596161 ], [ 110.654602493094785, -7.591177362198177 ], [ 110.654609413337042, -7.591182371705642 ], [ 110.654616235579539, -7.591187496918433 ], [ 110.654622615444111, -7.59119259826113 ], [ 110.654629551291535, -7.5911985014829 ], [ 110.654641887926232, -7.591209508887246 ], [ 110.654697840467449, -7.591260412954242 ], [ 110.654697586095878, -7.591244043891114 ], [ 110.654696750640511, -7.591202659750771 ], [ 110.654696634389524, -7.591189292117026 ], [ 110.654696830039768, -7.591180409524012 ], [ 110.654697092836969, -7.591175993686133 ], [ 110.654697529664489, -7.591171612359674 ], [ 110.654697998193882, -7.591168401555 ], [ 110.654698602681378, -7.591165221613248 ], [ 110.654699237598962, -7.59116253377463 ], [ 110.654700124862472, -7.591159439085858 ], [ 110.654701169819617, -7.591156402413987 ], [ 110.654702192628378, -7.591153855994333 ], [ 110.654703540266681, -7.591150953437374 ], [ 110.654705049204637, -7.5911481342277 ], [ 110.654706465290403, -7.591145796168523 ], [ 110.654708265990465, -7.59114316172025 ], [ 110.65471021708845, -7.591140639556502 ], [ 110.654712001017302, -7.591138573156566 ], [ 110.654714216643342, -7.591136282769465 ], [ 110.654715784313623, -7.591134842151092 ], [ 110.654716564520413, -7.591134124552688 ], [ 110.654718672730269, -7.591132389478156 ], [ 110.654720113177405, -7.591131332290861 ], [ 110.654721243400829, -7.591130504614529 ], [ 110.654723922736252, -7.591128771802749 ], [ 110.654726293542694, -7.591127416850668 ], [ 110.654729150319525, -7.591125988110917 ], [ 110.654732088553146, -7.591124725874352 ], [ 110.654734658475974, -7.591123778130926 ], [ 110.654737721558092, -7.591122836206585 ], [ 110.654740835271411, -7.591122064379129 ], [ 110.654743539027422, -7.591121538265463 ], [ 110.654746728639822, -7.591121081284062 ], [ 110.654749945320305, -7.591120785335241 ], [ 110.654752715846442, -7.591120653661353 ], [ 110.654755964940477, -7.591120636341752 ], [ 110.654759221184477, -7.591120747474895 ], [ 110.654762013216697, -7.591120930603847 ], [ 110.654766429590296, -7.591121362871496 ], [ 110.654770844052649, -7.591121918157294 ], [ 110.654779669179504, -7.591123244010305 ], [ 110.65479133679959, -7.591125136564102 ], [ 110.654799795568948, -7.591126601427511 ], [ 110.654843372710218, -7.591134406176313 ], [ 110.65484616449011, -7.59113490589944 ], [ 110.654882500508748, -7.591142198342586 ], [ 110.654897650289115, -7.59114510857114 ], [ 110.654903663489378, -7.591146189767902 ], [ 110.654928760490222, -7.591150699912746 ], [ 110.654998063673162, -7.591163156399889 ], [ 110.655012568233218, -7.591165762181276 ], [ 110.655032580066916, -7.591169539211322 ], [ 110.655040427730498, -7.591171119368383 ], [ 110.655044352406847, -7.591171987239453 ], [ 110.65504743224696, -7.59117276760256 ], [ 110.655054847991522, -7.591174850350291 ], [ 110.655097538552354, -7.591187184391388 ], [ 110.655109322983705, -7.591190386827866 ], [ 110.655120473211596, -7.591193109345664 ], [ 110.655132064153193, -7.591195669392604 ], [ 110.655140343305689, -7.591197287881671 ], [ 110.65514866800784, -7.591198627803176 ], [ 110.655157036453701, -7.591199680110145 ], [ 110.6551688460967, -7.591200823793505 ], [ 110.655176471596079, -7.59120134182216 ], [ 110.655180289854997, -7.591201513098735 ], [ 110.655188720675866, -7.591201650042957 ], [ 110.655192937975798, -7.5912016226335 ], [ 110.65520097742899, -7.591201430008329 ], [ 110.655208614494555, -7.591201085098252 ], [ 110.655212427644273, -7.591200842083455 ], [ 110.655220039594496, -7.591200160658113 ], [ 110.65523141796163, -7.591198724201348 ], [ 110.655239374806229, -7.591197534688226 ], [ 110.655247705299672, -7.591196157323457 ], [ 110.655256204561439, -7.591194591944554 ], [ 110.655264872587196, -7.591192843978824 ], [ 110.655269612850205, -7.591191825588977 ], [ 110.655282197941517, -7.591189120090018 ], [ 110.655399086961211, -7.591163986490464 ], [ 110.655412107235847, -7.591161230677455 ], [ 110.655425149186897, -7.591158576191608 ], [ 110.655438432166576, -7.591156064816462 ], [ 110.655451735009578, -7.591153654766988 ], [ 110.655575892150011, -7.591131542672975 ], [ 110.655598027979991, -7.591127419150625 ], [ 110.655609292775466, -7.591125157637913 ], [ 110.655628989846164, -7.591121204047536 ], [ 110.655722849458385, -7.591102078271934 ], [ 110.655810256996986, -7.591084268019943 ], [ 110.655873711373857, -7.591071337867956 ], [ 110.655891023748339, -7.591067964912242 ], [ 110.655899706072972, -7.59106647022088 ], [ 110.655904061663847, -7.591065818769602 ], [ 110.655908500594094, -7.591065246985265 ], [ 110.655917407305978, -7.59106430244183 ], [ 110.65593080342434, -7.591063151594619 ], [ 110.655933151533361, -7.591062974350987 ], [ 110.65601470978207, -7.591056828212309 ], [ 110.656027811982057, -7.591055923169001 ], [ 110.656036551538833, -7.591055418105555 ], [ 110.656049910913069, -7.591054873278758 ], [ 110.656063277421779, -7.59105447680455 ], [ 110.656170207317388, -7.591051759081898 ], [ 110.656214632807618, -7.591050694278962 ], [ 110.656251571748243, -7.591049941955166 ], [ 110.656263587374028, -7.591049698181146 ], [ 110.656272459167781, -7.591049343373955 ], [ 110.656276872479921, -7.591049066451147 ], [ 110.656281258683151, -7.5910486791509 ], [ 110.656285608747936, -7.591048136238234 ], [ 110.656287699522821, -7.591047799587159 ], [ 110.656290230999218, -7.591047314937194 ], [ 110.656292735350931, -7.591046739810065 ], [ 110.656295208961822, -7.591046061539121 ], [ 110.656297648204216, -7.59104528193059 ], [ 110.656301562080131, -7.591043770796843 ], [ 110.656303892757677, -7.591042712498873 ], [ 110.656308021112565, -7.591040530353354 ], [ 110.656308489125536, -7.591040237646956 ], [ 110.656312394670039, -7.591037802049214 ], [ 110.65631579613202, -7.59103541670812 ], [ 110.656319128799538, -7.591032901056407 ], [ 110.656322408960364, -7.591030293098277 ], [ 110.656328869700644, -7.5910249016192 ], [ 110.656335256202723, -7.591019385252449 ], [ 110.656360666394932, -7.590997108010745 ], [ 110.656363382450849, -7.590994789064582 ], [ 110.656370293244322, -7.590988887770433 ], [ 110.656371167725169, -7.590988175670816 ], [ 110.656376830077633, -7.5909835669062 ], [ 110.656379843496367, -7.590981230103853 ], [ 110.656385982616726, -7.59097671940816 ], [ 110.656389567265734, -7.59097425280112 ], [ 110.656391390371979, -7.590973071081649 ], [ 110.656393213478239, -7.590971889362208 ], [ 110.656396935743288, -7.590969649003114 ], [ 110.656398967321692, -7.590968510867151 ], [ 110.65640072409316, -7.59096752628864 ], [ 110.656403221775008, -7.590966216655277 ], [ 110.656404086985575, -7.590965762346999 ], [ 110.656407494227906, -7.590964087991553 ], [ 110.656410948531104, -7.590962514079037 ], [ 110.656414955900544, -7.590960851957077 ], [ 110.656419016650887, -7.590959322847184 ], [ 110.656422606666581, -7.590958089155351 ], [ 110.656426228333999, -7.590956953180616 ], [ 110.656429881645195, -7.590955924873183 ], [ 110.656434097021361, -7.590954892487193 ], [ 110.656438346737289, -7.590953997620888 ], [ 110.656442084986296, -7.590953319444036 ], [ 110.656445839477811, -7.590952736258505 ], [ 110.656449610204632, -7.590952257109819 ], [ 110.656453395350127, -7.590951886519341 ], [ 110.656457192206076, -7.590951610011999 ], [ 110.656465352343361, -7.590951270015805 ], [ 110.656469712901469, -7.590951211047579 ], [ 110.656474755095189, -7.590951266592122 ], [ 110.656478282454984, -7.59095130556202 ], [ 110.656491139732438, -7.590951731818962 ], [ 110.656521496397303, -7.590953011332558 ], [ 110.656582702874189, -7.590955592452373 ], [ 110.656598362116341, -7.59095625248643 ], [ 110.656615783496406, -7.590957161760587 ], [ 110.656630780744294, -7.5909580890194 ], [ 110.656637871439841, -7.590958527903355 ], [ 110.656719023607309, -7.590963712696781 ], [ 110.656847689350045, -7.590971931784233 ], [ 110.656894778677852, -7.590974940425667 ], [ 110.656901822186896, -7.590975438064306 ], [ 110.656916972530965, -7.590976507449597 ], [ 110.656925832531826, -7.590977304120853 ], [ 110.656930162761853, -7.590977765244357 ], [ 110.656943133344399, -7.590979354837798 ], [ 110.657043387937122, -7.590993095474636 ], [ 110.657053264586892, -7.590994526135362 ], [ 110.657061012898467, -7.590995648471917 ], [ 110.657069793521302, -7.59099708731315 ], [ 110.657074167901058, -7.59099789129723 ], [ 110.657078555816042, -7.590998774892967 ], [ 110.657087297062375, -7.591000712113777 ], [ 110.657093510292682, -7.591002200488883 ], [ 110.657100367052237, -7.591003843146286 ], [ 110.657131026013587, -7.591011473751447 ], [ 110.657178489125485, -7.591023287616069 ], [ 110.657238298060008, -7.59103802750316 ], [ 110.657251083289282, -7.591041292181178 ], [ 110.657252977568021, -7.591041814699709 ], [ 110.657259554976562, -7.591043627191135 ], [ 110.657263759470467, -7.591044887840722 ], [ 110.657267933067843, -7.591046241635292 ], [ 110.657275322043432, -7.591048942136899 ], [ 110.657278799373273, -7.591050341514837 ], [ 110.657282631958623, -7.591051883188238 ], [ 110.657289897344043, -7.591054961697036 ], [ 110.657301453653062, -7.591060058037391 ], [ 110.657309336865282, -7.591063694240148 ], [ 110.657315381206473, -7.591066671380027 ], [ 110.65731711657611, -7.591067525745493 ], [ 110.657323051037807, -7.591070738888056 ], [ 110.65732859742343, -7.591074043084904 ], [ 110.657331302091436, -7.591075796439659 ], [ 110.657334063745424, -7.591077709945945 ], [ 110.657336763688818, -7.59107970571826 ], [ 110.657339294114308, -7.591081692311349 ], [ 110.657341763744355, -7.591083750316495 ], [ 110.657344165322939, -7.591085884250818 ], [ 110.657346591238053, -7.591088195497492 ], [ 110.657348937312932, -7.591090587186797 ], [ 110.657351112073357, -7.591092948890644 ], [ 110.657353212445045, -7.591095375663964 ], [ 110.657355232080718, -7.591097869310892 ], [ 110.6573572434135, -7.591100544767246 ], [ 110.657359161317856, -7.591103287991678 ], [ 110.65736091518086, -7.591105975004263 ], [ 110.657362584693118, -7.591108714414677 ], [ 110.657364161694929, -7.591111507121058 ], [ 110.657365638933911, -7.591114353117628 ], [ 110.65736702276017, -7.591117246982084 ], [ 110.65736831589841, -7.591120182384716 ], [ 110.657369568108649, -7.591123286002668 ], [ 110.657370714220207, -7.591126430242071 ], [ 110.657371707198436, -7.591129481191374 ], [ 110.657372602244052, -7.591132563723008 ], [ 110.657373407519643, -7.591135673320548 ], [ 110.657374151930995, -7.591138941167641 ], [ 110.657374796602411, -7.591142233359148 ], [ 110.65737533700468, -7.591145545368717 ], [ 110.65737570021065, -7.591148241235225 ], [ 110.657375785830979, -7.591148875397252 ], [ 110.65737614319589, -7.59115207871566 ], [ 110.657376669340863, -7.591158513245209 ], [ 110.657376803823098, -7.591161553567638 ], [ 110.657377036282867, -7.591166795659365 ], [ 110.657377100232296, -7.591170755860823 ], [ 110.657377238558681, -7.591179246142946 ], [ 110.657377358715848, -7.591230151093837 ], [ 110.657377456592812, -7.591250800400765 ], [ 110.657377583902701, -7.591277785248867 ], [ 110.65737768680232, -7.591296670673354 ], [ 110.657377858800444, -7.591307287595716 ], [ 110.657377866632842, -7.591307700079988 ], [ 110.657378131668665, -7.59131645278346 ], [ 110.657378602891328, -7.591324700906616 ], [ 110.657379108669858, -7.591330523939426 ], [ 110.657379760883543, -7.591338030468411 ], [ 110.657381836801548, -7.59135875008079 ], [ 110.657382860366781, -7.591368969669254 ], [ 110.657384299624368, -7.591382003662552 ], [ 110.65738547040209, -7.591390634964787 ], [ 110.657386187727525, -7.591394908657938 ], [ 110.657386273514078, -7.591395332962861 ], [ 110.657387044699888, -7.591399134519683 ], [ 110.657387629313078, -7.591401567334588 ], [ 110.657388357892529, -7.591404221879426 ], [ 110.657389187130747, -7.591406836703089 ], [ 110.657390127007645, -7.591409401863338 ], [ 110.657391182058902, -7.591411913745521 ], [ 110.657392240965521, -7.591414136172419 ], [ 110.657393399638664, -7.591416300786312 ], [ 110.657394795703794, -7.591418622980262 ], [ 110.657396310589476, -7.591420866571398 ], [ 110.657397946114614, -7.591423024324661 ], [ 110.657399694120912, -7.591425095329146 ], [ 110.657401370726632, -7.591426892196522 ], [ 110.657400688219866, -7.59142787672125 ], [ 110.657390367118666, -7.591442766641456 ], [ 110.657385682143754, -7.591449526322066 ], [ 110.657369391935617, -7.591448847727037 ], [ 110.657257436555938, -7.59145316555762 ], [ 110.657249936419618, -7.591453454529 ], [ 110.657233972983207, -7.591456833125134 ], [ 110.657218537247815, -7.591460100876342 ], [ 110.657212298215356, -7.591461421132093 ], [ 110.657157254004787, -7.591473072736717 ], [ 110.657042663788786, -7.591497327584835 ], [ 110.657005931225001, -7.591507579795469 ], [ 110.656962733509943, -7.591519636919156 ], [ 110.656927770924938, -7.591529394822616 ], [ 110.65685180586685, -7.591550597374234 ], [ 110.656775881606009, -7.591571788185237 ], [ 110.656737008672451, -7.591580881753849 ], [ 110.6567348243819, -7.591581392912643 ], [ 110.656580119664667, -7.591617585052258 ], [ 110.656559539884285, -7.591620032804701 ], [ 110.656516767413891, -7.591625119702591 ], [ 110.656484903613247, -7.591628909942145 ], [ 110.656484167423329, -7.591628997102304 ], [ 110.65645093448201, -7.59163195496939 ], [ 110.656426466710542, -7.591634132797965 ], [ 110.65637486662088, -7.591638725147422 ], [ 110.656303438821965, -7.591645082885045 ], [ 110.656300644442666, -7.59164556642247 ], [ 110.656297967556625, -7.591646501426722 ], [ 110.656295481613952, -7.591647863532868 ], [ 110.656293253729658, -7.591649614802575 ], [ 110.656291345586638, -7.591651708247645 ], [ 110.656289807997823, -7.591654086016643 ], [ 110.656288683622137, -7.591656683919749 ], [ 110.656273513965317, -7.591701585891836 ], [ 110.656195568217314, -7.591672349566501 ], [ 110.656161672341824, -7.591659636341608 ], [ 110.656070304291475, -7.591598337304144 ], [ 110.65604691501774, -7.591582644632592 ], [ 110.656039209804192, -7.591577475323871 ], [ 110.656035063630711, -7.59157469414826 ], [ 110.65602166920884, -7.591565707629298 ], [ 110.655946601115403, -7.59151795816171 ], [ 110.655932796771836, -7.591509177554607 ], [ 110.655858559585468, -7.591461957896105 ], [ 110.655850838760017, -7.591457046370583 ], [ 110.655767240739038, -7.591403871823381 ], [ 110.655747409068297, -7.591391257447646 ], [ 110.65572126833888, -7.591377961465278 ], [ 110.655711161654509, -7.59137282009927 ], [ 110.655661026778901, -7.591565146178724 ], [ 110.655658164585489, -7.591573381711247 ], [ 110.655654035472267, -7.591581063555827 ], [ 110.655648742939348, -7.591587999123632 ], [ 110.655644303514322, -7.591611969983561 ], [ 110.655644097232496, -7.591612591250735 ], [ 110.655610206209801, -7.591714553192753 ], [ 110.655601843403986, -7.591730320230086 ], [ 110.655594200878312, -7.591742069796079 ], [ 110.65555390334184, -7.591804020816591 ], [ 110.655517892990076, -7.591844200736544 ], [ 110.655490531501073, -7.591865718358649 ], [ 110.655445898803222, -7.591890095160151 ], [ 110.655393538732582, -7.591915496120345 ], [ 110.65538974969003, -7.591917333889387 ], [ 110.655319201040129, -7.591954613532448 ], [ 110.655274427894113, -7.591981158426895 ], [ 110.655258728042284, -7.591990465623764 ], [ 110.655214115915555, -7.591988993799042 ], [ 110.655186163304563, -7.591970725806542 ], [ 110.655176717406349, -7.59196455285276 ], [ 110.655135011291904, -7.591927184176826 ], [ 110.655088999627807, -7.591875452239915 ], [ 110.65501277220288, -7.591815079507295 ], [ 110.655000629360416, -7.591791794715982 ], [ 110.654998655186645, -7.591788009387539 ], [ 110.654968965647811, -7.591731078337997 ], [ 110.654884276611, -7.591614872330966 ], [ 110.65486904687647, -7.59156101468135 ], [ 110.654865249683738, -7.591511693416539 ], [ 110.654864433171909, -7.59150109769358 ], [ 110.65486130801429, -7.591501438943646 ], [ 110.654855776512193, -7.59150222513398 ], [ 110.654848930147324, -7.59150346527225 ], [ 110.654840086125361, -7.59150536053231 ], [ 110.654831265542342, -7.591507420440136 ], [ 110.654822384138754, -7.591509582514434 ], [ 110.654782834464385, -7.591519209057859 ], [ 110.654774827163081, -7.591521137545214 ], [ 110.654745432000041, -7.591528214063558 ], [ 110.654726941127734, -7.59153266607712 ], [ 110.654714073692674, -7.591535864318574 ], [ 110.654705534885167, -7.591538126163826 ], [ 110.654695457982683, -7.59154111766892 ], [ 110.654685465166352, -7.591544388748641 ], [ 110.65467432332801, -7.591548186271914 ], [ 110.654656124674048, -7.59155452180188 ], [ 110.654653348039531, -7.591555488376104 ], [ 110.654652960391743, -7.591557313463842 ], [ 110.654650003894517, -7.591571233149203 ], [ 110.654648934675961, -7.591576269776739 ], [ 110.654646699224585, -7.591587495360132 ], [ 110.65464489512803, -7.59159779049728 ], [ 110.65464428698921, -7.591602136409697 ], [ 110.654643634635462, -7.591608495830538 ], [ 110.654643355600186, -7.591612810344979 ], [ 110.654643168118696, -7.591617134882289 ], [ 110.654642969012372, -7.591625802187777 ], [ 110.654642893907607, -7.591636986973511 ], [ 110.654642881562069, -7.591638825023207 ], [ 110.654642887472008, -7.591657545736326 ], [ 110.654642893507031, -7.591679517426839 ], [ 110.654642904397988, -7.591720394359183 ], [ 110.654642918086154, -7.591771396902949 ], [ 110.654642960813845, -7.591784877547465 ], [ 110.654643113235807, -7.59179835647003 ], [ 110.654643466024567, -7.59181181203332 ], [ 110.654643826756313, -7.591822130599794 ], [ 110.654643928677274, -7.591825053303943 ], [ 110.654644092641178, -7.591829749893298 ], [ 110.65464551289773, -7.59186762481654 ], [ 110.654647999208336, -7.591933962467595 ], [ 110.654649802927253, -7.591982072755952 ], [ 110.654652913431477, -7.592062569930662 ], [ 110.654653109356488, -7.592071519771594 ], [ 110.654653133889667, -7.592075992824598 ], [ 110.654653030439647, -7.592082937025177 ], [ 110.654652754751837, -7.592089872043305 ], [ 110.654652541634789, -7.592093376127103 ], [ 110.654651923227348, -7.592100364241763 ], [ 110.654651002128702, -7.592107230000719 ], [ 110.65464980909735, -7.592114053933975 ], [ 110.654649109216209, -7.59211748888466 ], [ 110.654647491920926, -7.592124308862559 ], [ 110.654645569251528, -7.592130960350206 ], [ 110.654643372868748, -7.592137529305687 ], [ 110.65464216633849, -7.592140820933786 ], [ 110.654639544835703, -7.592147322614221 ], [ 110.65463660886509, -7.592153691074915 ], [ 110.654633432786355, -7.592159898333621 ], [ 110.654630047419403, -7.592165948033116 ], [ 110.654628260951327, -7.592168918082628 ], [ 110.654627612874663, -7.592169917102913 ], [ 110.654626954813651, -7.592170931492708 ], [ 110.65462448594981, -7.592174737715005 ], [ 110.654620508887234, -7.592180431453388 ], [ 110.654614197051274, -7.59218889489838 ], [ 110.654602685714863, -7.592203556757212 ], [ 110.654597792463392, -7.592209963462548 ], [ 110.654595019939862, -7.592213724215473 ], [ 110.654591574024607, -7.592218398035568 ], [ 110.65458712058755, -7.592224634129086 ], [ 110.654585461441457, -7.592227096823211 ], [ 110.65457954295357, -7.592235679077169 ], [ 110.654577825765628, -7.592238169766428 ], [ 110.654572380686659, -7.592246516307196 ], [ 110.654569649347067, -7.592250924755323 ], [ 110.654564589316763, -7.592259567392115 ], [ 110.654562435832005, -7.592263499598056 ], [ 110.654560608115361, -7.592267036771586 ], [ 110.654557038534477, -7.592274449491104 ], [ 110.654553940579959, -7.592281588504714 ], [ 110.65455315575953, -7.59228353991452 ], [ 110.654551034746731, -7.592288812699373 ], [ 110.65454650228908, -7.592300912971354 ], [ 110.654543577278801, -7.592309446948959 ], [ 110.654542230330648, -7.592313749759591 ], [ 110.654539820118984, -7.592322438825546 ], [ 110.654537670935383, -7.592331202272666 ], [ 110.654536044085816, -7.592338631009101 ], [ 110.654535040496569, -7.592343215409811 ], [ 110.654533586626016, -7.592350860472795 ], [ 110.654532951694677, -7.592354697098055 ], [ 110.654531903002834, -7.592362405802085 ], [ 110.654530686198243, -7.59237402205787 ], [ 110.654529588462239, -7.592387520791002 ], [ 110.65452903733464, -7.592396532452335 ], [ 110.654528840717916, -7.592400942010462 ], [ 110.654528446675997, -7.592414179886019 ], [ 110.654527719054897, -7.592454626564976 ], [ 110.654524123640002, -7.592654480103554 ], [ 110.65452358384826, -7.592684490155103 ], [ 110.654523257720413, -7.592711448401845 ], [ 110.654522971178523, -7.592758086217478 ], [ 110.654536070553561, -7.592758514536095 ], [ 110.654568985792295, -7.592759591795373 ], [ 110.65459458351171, -7.592760429860572 ], [ 110.654615248795977, -7.592761105706784 ], [ 110.654636897550901, -7.592761958722196 ], [ 110.65464331298773, -7.592762274083486 ], [ 110.654648425756633, -7.592762525090527 ], [ 110.654661698105627, -7.592763176968381 ], [ 110.654826939351437, -7.592771296386724 ], [ 110.65484468074763, -7.592772285590032 ], [ 110.65485797643413, -7.592773230556817 ], [ 110.65488454939269, -7.592775475965387 ], [ 110.65496480834608, -7.592782502068404 ], [ 110.654983790280966, -7.592784163432181 ], [ 110.654999096392103, -7.592785503473013 ], [ 110.655116839688233, -7.592795810281623 ], [ 110.65519389329603, -7.592802556099901 ], [ 110.655413231130964, -7.592822436749058 ], [ 110.655449786231216, -7.59282574927435 ], [ 110.655510451235997, -7.592831248227529 ], [ 110.655544319502098, -7.592834318002977 ], [ 110.655557793471701, -7.592835655667485 ], [ 110.655580209743974, -7.592838077746092 ], [ 110.655641416748139, -7.592844872436143 ], [ 110.655686890973911, -7.592849920617319 ], [ 110.655811107066214, -7.592863708579868 ], [ 110.655857492304236, -7.592868857870728 ], [ 110.655889679423296, -7.592872431030881 ], [ 110.655907642225301, -7.592874311354971 ], [ 110.655921078228232, -7.592875516008397 ], [ 110.655925362345656, -7.592875845945422 ], [ 110.655942115366585, -7.592877135539132 ], [ 110.655943453359953, -7.592877238813347 ], [ 110.656029921876566, -7.592883608406273 ], [ 110.656094418597235, -7.592888359529137 ], [ 110.656182258657822, -7.59289482967856 ], [ 110.656184406161515, -7.592894987865896 ], [ 110.656193511069858, -7.59289565810947 ], [ 110.656229209221237, -7.592898168454357 ], [ 110.656256291267113, -7.592899795465438 ], [ 110.65627599705563, -7.592900940843739 ], [ 110.65641140296718, -7.592908811733869 ], [ 110.656433651527209, -7.592910104749149 ], [ 110.656434385802797, -7.592910147843828 ], [ 110.656618532234276, -7.592920852281473 ], [ 110.65673496030081, -7.592927620797877 ], [ 110.656757542416855, -7.592928988233765 ], [ 110.656771063848552, -7.592929931511629 ], [ 110.656802498412759, -7.592932524375147 ], [ 110.656926039050532, -7.592943064128402 ], [ 110.657092031723167, -7.592957226628925 ], [ 110.657102764614137, -7.592958142368542 ], [ 110.657108784631603, -7.592958669048003 ], [ 110.657129601327625, -7.592960490968444 ], [ 110.657155339154272, -7.59296301870657 ], [ 110.657238746318001, -7.592971627137548 ], [ 110.657270205754301, -7.592974874886389 ], [ 110.657297460023742, -7.592977688747634 ], [ 110.657301073259504, -7.5929780606563 ], [ 110.657320350493364, -7.592980050505825 ], [ 110.657594905559037, -7.593008453822526 ], [ 110.657614763847164, -7.593010508340495 ], [ 110.657626529068978, -7.593011726098108 ], [ 110.657634141699972, -7.593012513632962 ], [ 110.657635208628662, -7.593012623924928 ], [ 110.65774333083921, -7.593022888074203 ], [ 110.65780319709333, -7.593028571514856 ], [ 110.65794053903619, -7.593041611190617 ], [ 110.658005419987404, -7.593047769825064 ], [ 110.658041983169426, -7.593051241342431 ], [ 110.658059778556151, -7.593052771382912 ], [ 110.658077234162093, -7.593054076825191 ], [ 110.658164662053508, -7.593060252271211 ], [ 110.658255461182776, -7.593066739709513 ], [ 110.658292373145272, -7.593069377478566 ], [ 110.658321641461598, -7.593071468309588 ], [ 110.658357135282813, -7.593075620091293 ], [ 110.658359289967535, -7.593075871443028 ], [ 110.658383052227549, -7.593078650831953 ], [ 110.658426619997556, -7.59308374698081 ], [ 110.658444128604813, -7.593085671167135 ], [ 110.658452844492032, -7.59308649121441 ], [ 110.658457369682637, -7.593086917199177 ], [ 110.658479538997454, -7.593088710268191 ], [ 110.658760937602551, -7.593110506824301 ], [ 110.658761757980955, -7.593110576214848 ], [ 110.658908204150862, -7.593122951554681 ], [ 110.658919728429012, -7.593123925762577 ], [ 110.659035543215737, -7.593133712597012 ], [ 110.659066960434231, -7.593136504286905 ], [ 110.659139279201341, -7.593143315347008 ], [ 110.659148288792821, -7.59314416455665 ], [ 110.659241300890457, -7.593152923964642 ], [ 110.659272575753192, -7.593155753519576 ], [ 110.659304150840185, -7.593158387923277 ], [ 110.659508621116458, -7.59317544530984 ], [ 110.659684970071936, -7.593190156771521 ], [ 110.659725703501437, -7.59319355543134 ], [ 110.659835554590501, -7.593202719571678 ], [ 110.659856683163596, -7.593204550652163 ], [ 110.659862155671149, -7.593205024400864 ], [ 110.660051695515534, -7.593221452034441 ], [ 110.66009196187153, -7.593225110807245 ], [ 110.660100574425883, -7.593225921695305 ], [ 110.660332309349926, -7.593247743520477 ], [ 110.660358484380936, -7.593250016327017 ], [ 110.660414631072129, -7.59325460018009 ], [ 110.660419346643323, -7.59325502719788 ], [ 110.660499067172083, -7.593262249059194 ], [ 110.660516886210701, -7.593263703035468 ], [ 110.660534813277224, -7.593264968947466 ], [ 110.660615740965497, -7.593270361811038 ], [ 110.660720605936078, -7.593277349088374 ], [ 110.660758963962778, -7.59327990455905 ], [ 110.66084283181867, -7.59328504549525 ], [ 110.660998900716692, -7.593294611758702 ], [ 110.660999995784579, -7.593294678645657 ], [ 110.66102879298262, -7.593296444191907 ], [ 110.661046778163239, -7.593297594344906 ], [ 110.661060258801896, -7.593298569117856 ], [ 110.661087198078363, -7.593300829813089 ], [ 110.661257767730504, -7.593315717045046 ], [ 110.66137439508357, -7.593326457297412 ], [ 110.661450307385337, -7.593333448069338 ], [ 110.661469482396242, -7.593335214230962 ], [ 110.661466524141801, -7.593344687165118 ], [ 110.66144242094208, -7.593421883215284 ], [ 110.661434586916144, -7.593446808522487 ], [ 110.661366454474603, -7.593663589596494 ], [ 110.661359938227974, -7.593684324209778 ], [ 110.661359080280135, -7.593687080632033 ], [ 110.661355993850506, -7.59369699488921 ], [ 110.661353330939775, -7.593705550831159 ], [ 110.661350755999621, -7.593714062518396 ], [ 110.661347067269219, -7.593726735206061 ], [ 110.661337032008632, -7.593762212265898 ], [ 110.661323171361602, -7.593811216712955 ], [ 110.661319759132198, -7.593823885997497 ], [ 110.661318699674695, -7.593828123927508 ], [ 110.661317049446723, -7.593835445937715 ], [ 110.661315872398248, -7.593841665661265 ], [ 110.661315364073502, -7.59384481493379 ], [ 110.661314556818141, -7.593851139874246 ], [ 110.661314256981683, -7.593854314636867 ], [ 110.661313833207771, -7.593860629926075 ], [ 110.661313591647641, -7.593868108618104 ], [ 110.661313551076702, -7.593872454080016 ], [ 110.661313603193079, -7.59388115234424 ], [ 110.661313749587109, -7.593889856109295 ], [ 110.661314678251173, -7.593932254341257 ], [ 110.66131608219078, -7.593996347847233 ], [ 110.661316540837348, -7.594017282375662 ], [ 110.661316577611103, -7.594018944980755 ], [ 110.661316895319402, -7.594033470610425 ], [ 110.661317061876119, -7.594046527121158 ], [ 110.661316992515097, -7.594055223481483 ], [ 110.661316761725075, -7.594061682745679 ], [ 110.661316319504536, -7.594068400548454 ], [ 110.661315990414437, -7.594071886455962 ], [ 110.661315173130419, -7.59407828284853 ], [ 110.661314051058881, -7.594084914188453 ], [ 110.661313355761919, -7.59408834553709 ], [ 110.661312644370696, -7.594091491033051 ], [ 110.661311049369147, -7.594097747517556 ], [ 110.661309105866962, -7.594104492191365 ], [ 110.661307837129698, -7.594108556283147 ], [ 110.66130377169462, -7.594120681419148 ], [ 110.661288060585349, -7.594165258422054 ], [ 110.661286465125642, -7.594169783583273 ], [ 110.661283617647086, -7.594177860869817 ], [ 110.661269747310968, -7.594217214583469 ], [ 110.661264235494187, -7.59423334758949 ], [ 110.661261118373105, -7.594243085432852 ], [ 110.661257344148567, -7.594256102688802 ], [ 110.661253762067375, -7.594269179795286 ], [ 110.661252261849171, -7.594274794117623 ], [ 110.661210163058499, -7.594432244725788 ], [ 110.661205602564465, -7.594449091263674 ], [ 110.661202064367302, -7.594461692606512 ], [ 110.661198281315563, -7.59447440049617 ], [ 110.661194384061275, -7.594487077541784 ], [ 110.661165519043408, -7.59457989155932 ], [ 110.661145985849359, -7.594642981862322 ], [ 110.661140683827625, -7.5946597735474 ], [ 110.661137901402441, -7.594668122250404 ], [ 110.661135101282454, -7.594675913732283 ], [ 110.661130841045974, -7.59468672891502 ], [ 110.661127827514989, -7.594693834575945 ], [ 110.661126258217422, -7.594697361125451 ], [ 110.661122438858328, -7.59470549192581 ], [ 110.661118469062714, -7.594713555671573 ], [ 110.66111239293194, -7.594725597826462 ], [ 110.661090927104297, -7.594767648424702 ], [ 110.661074923521198, -7.594798996942447 ], [ 110.661067405666898, -7.594813724507073 ], [ 110.661066248896034, -7.59481603927136 ], [ 110.661061374838468, -7.594825795642281 ], [ 110.661057522847898, -7.594833917370884 ], [ 110.66105411895542, -7.594841710190175 ], [ 110.661051368494284, -7.594848598961876 ], [ 110.661049233406104, -7.594854561947027 ], [ 110.66104870812336, -7.594856209640638 ], [ 110.66104794473803, -7.594858602503661 ], [ 110.661046766646066, -7.59486267390152 ], [ 110.661044946089092, -7.594869851047878 ], [ 110.661043643042063, -7.594876044439659 ], [ 110.661042919959144, -7.594880222930248 ], [ 110.661042410292623, -7.5948839230765 ], [ 110.661042380202488, -7.594884144669574 ], [ 110.661041763849695, -7.594888634411131 ], [ 110.661041098929601, -7.594894944084069 ], [ 110.661040511101675, -7.594902366422617 ], [ 110.661040029375883, -7.594910901449461 ], [ 110.66103948808906, -7.594923716794875 ], [ 110.6610379134559, -7.594966441425574 ], [ 110.661035757666284, -7.595021956042821 ], [ 110.661035328795307, -7.595034767857705 ], [ 110.661035107372882, -7.595044305336963 ], [ 110.661035002491573, -7.595057830195726 ], [ 110.661035022712667, -7.595071358770308 ], [ 110.661035091853932, -7.595084930801792 ], [ 110.6610355724671, -7.595179614806099 ], [ 110.661035663468795, -7.595197682504265 ], [ 110.661035665104677, -7.595197908644867 ], [ 110.661035829037587, -7.595220084899109 ], [ 110.66103633870587, -7.595263811595728 ], [ 110.661036429737678, -7.595277213587424 ], [ 110.661036310455984, -7.595290604560338 ], [ 110.661036170975706, -7.59529506572798 ], [ 110.661035698131741, -7.595303834137327 ], [ 110.661035051232417, -7.595312596983496 ], [ 110.661033931305226, -7.595325735708704 ], [ 110.66102808214066, -7.59539055714662 ], [ 110.66100678750054, -7.59537375647052 ], [ 110.660985353338319, -7.595356845328564 ], [ 110.660928769590825, -7.595326581720227 ], [ 110.660908254563978, -7.595315608805932 ], [ 110.660870746836821, -7.595295548107815 ], [ 110.660825663982251, -7.595281153066684 ], [ 110.660819945016499, -7.595279326823427 ], [ 110.660778951543037, -7.595266237532668 ], [ 110.66075335803707, -7.5952632705004 ], [ 110.66075197112572, -7.595263109310772 ], [ 110.660729494092024, -7.595260503819933 ], [ 110.660721448486811, -7.595261506118097 ], [ 110.660715230654986, -7.59526232079109 ], [ 110.660684093986433, -7.595268018702349 ], [ 110.660663760538412, -7.59527173954661 ], [ 110.660652767818434, -7.595273751741097 ], [ 110.660591960858639, -7.59528223511901 ], [ 110.660530550061083, -7.595290803044887 ], [ 110.660495251826646, -7.59529245251062 ], [ 110.66049025196088, -7.595292686501857 ], [ 110.660463306176368, -7.595293945391654 ], [ 110.660450526828512, -7.595294542361639 ], [ 110.660450448861496, -7.595294545918926 ], [ 110.660420726582217, -7.595295421817396 ], [ 110.660387965441672, -7.5952963866986 ], [ 110.660376536166993, -7.595296723304757 ], [ 110.660348947981291, -7.595297535738506 ], [ 110.660324639807484, -7.595298252138354 ], [ 110.660274824296934, -7.595291329505816 ], [ 110.660271878296342, -7.595290920151334 ], [ 110.660219871869387, -7.595283693677167 ], [ 110.66021666823886, -7.595283496691771 ], [ 110.660216123422558, -7.595283462797034 ], [ 110.660210989818751, -7.595283145805111 ], [ 110.6602058673827, -7.595283614882102 ], [ 110.660202127551671, -7.595283956593285 ], [ 110.660198483371119, -7.59528486463209 ], [ 110.660193492684485, -7.59528610811295 ], [ 110.660191397839256, -7.595286986608576 ], [ 110.660190030295382, -7.595287559932704 ], [ 110.660185289233695, -7.595289548963815 ], [ 110.660182089346122, -7.595291511159135 ], [ 110.660177706733492, -7.595294198788708 ], [ 110.660173787780678, -7.595297521780072 ], [ 110.660170925675331, -7.595299948277353 ], [ 110.660168468481771, -7.595302783046648 ], [ 110.660165102999258, -7.595306663678147 ], [ 110.660139248573756, -7.595341557551638 ], [ 110.660123023873538, -7.595363455043071 ], [ 110.660112861428047, -7.595377170129626 ], [ 110.660086150385197, -7.595433864966662 ], [ 110.660084798259703, -7.59543673587775 ], [ 110.660077767029748, -7.59545165918797 ], [ 110.660048638679143, -7.595513484588116 ], [ 110.660043209292084, -7.595525008920663 ], [ 110.660041753890667, -7.595528940796385 ], [ 110.660040180370416, -7.595533210884017 ], [ 110.660039633203951, -7.595536166548691 ], [ 110.660039417432614, -7.595537332354049 ], [ 110.660039387238811, -7.595537685107726 ], [ 110.660038325914783, -7.595550042337334 ], [ 110.660036464931125, -7.595571718593746 ], [ 110.660036134025106, -7.595571732807731 ], [ 110.660032101506772, -7.595571903326984 ], [ 110.660003256679715, -7.59557634112431 ], [ 110.659991615410306, -7.595578796026955 ], [ 110.659970730217225, -7.595583199346661 ], [ 110.65995871452634, -7.59558682173867 ], [ 110.659946230938303, -7.595590585779568 ], [ 110.659922975622621, -7.595595460325043 ], [ 110.65989922670353, -7.595596274830276 ], [ 110.659893818380098, -7.595595993801662 ], [ 110.65986710129819, -7.59559460609837 ], [ 110.659820568444658, -7.595594569662783 ], [ 110.659806656364395, -7.595594558768546 ], [ 110.659752199934147, -7.595583293280109 ], [ 110.659721878583383, -7.59557702085009 ], [ 110.659690940347645, -7.595570135549495 ], [ 110.659654095994782, -7.595561935821006 ], [ 110.6596408583043, -7.595559739135213 ], [ 110.659627459914603, -7.59555899685102 ], [ 110.659618216622817, -7.595558989608779 ], [ 110.659565863655345, -7.595558948585839 ], [ 110.659523804683602, -7.595558915624538 ], [ 110.659506093470881, -7.595559721271938 ], [ 110.659498764029735, -7.595560738581286 ], [ 110.659495322347595, -7.595561216203513 ], [ 110.659488533275592, -7.595562158858034 ], [ 110.659436537994097, -7.595571843898006 ], [ 110.659515921701399, -7.595689592623492 ], [ 110.659545976289323, -7.595734171948779 ], [ 110.659593181137808, -7.59581110081968 ], [ 110.659610606472839, -7.595839499476582 ], [ 110.659634132399745, -7.595877839472876 ], [ 110.659655912099268, -7.595918728950991 ], [ 110.659688402419917, -7.595979728792047 ], [ 110.659712691412807, -7.596025329357778 ], [ 110.659760539508326, -7.596182368104399 ], [ 110.659765769448356, -7.596195067660018 ], [ 110.659768254115932, -7.596199956928263 ], [ 110.659770798854765, -7.596296730251693 ], [ 110.65976717246582, -7.596332627474359 ], [ 110.659763554549812, -7.596357754141914 ], [ 110.659774329216205, -7.59638289298715 ], [ 110.659792312484655, -7.596390086541991 ], [ 110.659824693985286, -7.596390111902185 ], [ 110.659830874631879, -7.59638703491626 ], [ 110.659867885958292, -7.596368606410718 ], [ 110.659914667604284, -7.596357872477866 ], [ 110.659979444714111, -7.596339974061115 ], [ 110.660037017062564, -7.596332838748643 ], [ 110.660045987496062, -7.59633284576915 ], [ 110.660080192089964, -7.596332872536889 ], [ 110.66011256230135, -7.596347257711374 ], [ 110.660170109260065, -7.596372432238382 ], [ 110.66021728032851, -7.596378353283734 ], [ 110.660256450862732, -7.596383270340018 ], [ 110.660310420334469, -7.5963833125482 ], [ 110.660357192607705, -7.596383349122212 ], [ 110.660429132172226, -7.596408534869161 ], [ 110.660490279217811, -7.596430121981712 ], [ 110.660547835571677, -7.596444526809507 ], [ 110.660571786468523, -7.596452094055559 ], [ 110.660616178922027, -7.596466120433025 ], [ 110.660670139049031, -7.59647693224765 ], [ 110.660754016816142, -7.596481781062878 ], [ 110.660796061310975, -7.596484210974286 ], [ 110.660906071445169, -7.596481257555552 ], [ 110.660917272269231, -7.596480956940802 ], [ 110.660938228877981, -7.596481483469813 ], [ 110.660962172553994, -7.596482084693923 ], [ 110.661012052911232, -7.59649552554366 ], [ 110.661038382503875, -7.596515991797751 ], [ 110.661039716282858, -7.596516862118067 ], [ 110.6610513714446, -7.59652446858914 ], [ 110.661065582381781, -7.596530697604426 ], [ 110.661080625626553, -7.596534508482656 ], [ 110.661096093305517, -7.596535798690438 ], [ 110.66112752746335, -7.596535823214844 ], [ 110.661163614101511, -7.596535851366235 ], [ 110.661222885516011, -7.59653199262408 ], [ 110.661332483733418, -7.596524857008331 ], [ 110.661366105348762, -7.596522667960216 ], [ 110.661367028277127, -7.596522608074395 ], [ 110.661460231799992, -7.596519457787807 ], [ 110.661511177473983, -7.59651773631782 ], [ 110.661615813968666, -7.596514199615379 ], [ 110.661652396579527, -7.596512963541366 ], [ 110.661754655094853, -7.596509507267768 ], [ 110.661783489680786, -7.596508954421902 ], [ 110.661789095046217, -7.596508846621247 ], [ 110.66191387266899, -7.596506454416121 ], [ 110.661935220375071, -7.596507674997064 ], [ 110.661956132217853, -7.596512127220969 ], [ 110.66197612054907, -7.59651970577988 ], [ 110.661981077632049, -7.59652203254061 ], [ 110.662011693740439, -7.59653639992974 ], [ 110.662022881162258, -7.5965416505443 ], [ 110.662040539074525, -7.596549937364553 ], [ 110.662133195258122, -7.596569715226853 ], [ 110.662157572311429, -7.596574919110108 ], [ 110.662190181201581, -7.596590261340681 ], [ 110.662243901498371, -7.596601790994124 ], [ 110.662248618026453, -7.59660220352149 ], [ 110.662288033621877, -7.596605655204101 ], [ 110.662337934970807, -7.596592291172479 ], [ 110.662369411763862, -7.596594614120534 ], [ 110.662416605651799, -7.596598096260434 ], [ 110.662468741185862, -7.596614397099322 ], [ 110.662551177568034, -7.596640171383982 ], [ 110.662600774446958, -7.596655678747435 ], [ 110.662635612762713, -7.59666848901204 ], [ 110.662720680252107, -7.596699770445039 ], [ 110.662731222379477, -7.596703646518179 ], [ 110.66281085048827, -7.596733780349983 ], [ 110.662873178313077, -7.596757367122347 ], [ 110.662895129521729, -7.596756628853817 ], [ 110.662928828294241, -7.596755495363543 ], [ 110.662977225677878, -7.596746754188773 ], [ 110.662988412438295, -7.596744733946335 ], [ 110.663013271200811, -7.596740244014486 ], [ 110.663075980833639, -7.596752026580365 ], [ 110.663102769504107, -7.596757059511614 ], [ 110.663105364616797, -7.596757547271777 ], [ 110.663152600849614, -7.596788170610596 ], [ 110.663176328153824, -7.596803553822905 ], [ 110.663218535151259, -7.596815074429712 ], [ 110.663240458187701, -7.596814428386842 ], [ 110.663281860107446, -7.596813208576747 ], [ 110.663330106881006, -7.596817432267443 ], [ 110.663370123520465, -7.596820935878617 ], [ 110.663430197105754, -7.59683360372212 ], [ 110.663443029229043, -7.596836309246365 ], [ 110.663504415041459, -7.59686124751362 ], [ 110.66351486188789, -7.596867586604247 ], [ 110.663558119027925, -7.596893837805596 ], [ 110.663593895257435, -7.596913028565348 ], [ 110.663636760586144, -7.596936021239837 ], [ 110.663640173941445, -7.596939337277087 ], [ 110.66364743456846, -7.596946391211291 ], [ 110.66365318871695, -7.596951982213976 ], [ 110.663677959097456, -7.596976048150013 ], [ 110.663705788637174, -7.59700308701999 ], [ 110.66373436031094, -7.597036399568786 ], [ 110.663751800401513, -7.597056733049078 ], [ 110.663795916216827, -7.597081657906912 ], [ 110.66381699397995, -7.597119966852564 ], [ 110.663835400505661, -7.597141428156399 ], [ 110.663854338706216, -7.597163507683642 ], [ 110.663863005770438, -7.597173612870771 ], [ 110.663960837567245, -7.597215811100424 ], [ 110.663997335615818, -7.597218477931281 ], [ 110.664093233872961, -7.597225486445976 ], [ 110.664123189432971, -7.597218572560906 ], [ 110.664123637017639, -7.597221239542512 ], [ 110.664124506914902, -7.597226429661434 ], [ 110.664125218894824, -7.59723067801398 ], [ 110.664130720415415, -7.597267403683673 ], [ 110.664132390699677, -7.597276237074484 ], [ 110.664135449228851, -7.597284692529295 ], [ 110.664139815485981, -7.597292554701021 ], [ 110.664145380838619, -7.597299623598507 ], [ 110.664152003096646, -7.597305718200205 ], [ 110.664159512851924, -7.597310684600378 ], [ 110.66416771801174, -7.597314395107739 ], [ 110.664169826237924, -7.597314967513644 ], [ 110.664176411046526, -7.59731675458334 ], [ 110.664185369892806, -7.597317704963727 ], [ 110.664205976298703, -7.597318643544418 ], [ 110.664207401368557, -7.597318708869778 ], [ 110.664222490651937, -7.597317011826477 ], [ 110.66422931859131, -7.597316243708435 ], [ 110.664244263806339, -7.597312114197922 ], [ 110.664250573041173, -7.597310370565626 ], [ 110.664270637889814, -7.59730123557242 ], [ 110.664289012536827, -7.597289065386018 ], [ 110.664305659664436, -7.597283393109137 ], [ 110.664323010846871, -7.597280501985519 ], [ 110.664340600954361, -7.597280472161143 ], [ 110.664357962202644, -7.597283299656342 ], [ 110.664367088927833, -7.597286374063722 ], [ 110.6643746295792, -7.597288913556339 ], [ 110.66439015717242, -7.597297161550992 ], [ 110.664404131760307, -7.597307822609099 ], [ 110.664412034484556, -7.597312243860446 ], [ 110.664422711907619, -7.597318216762534 ], [ 110.664471638846521, -7.59734558938585 ], [ 110.664537915002839, -7.597385469152723 ], [ 110.664554080897645, -7.597391286184171 ], [ 110.664569009977242, -7.597399776131843 ], [ 110.664582264564672, -7.597410688999974 ], [ 110.664593452366432, -7.597423703367856 ], [ 110.664602244597617, -7.597438434544813 ], [ 110.664608381408527, -7.597454450856376 ], [ 110.664607703537484, -7.597502060812934 ], [ 110.664606532100635, -7.59751044063364 ], [ 110.664601111580396, -7.597549220255412 ], [ 110.664597992581378, -7.597589488746944 ], [ 110.664598125131533, -7.597591579281689 ], [ 110.66460055409307, -7.597629796902938 ], [ 110.664605591140258, -7.597654125248632 ], [ 110.664624926893126, -7.597683852180627 ], [ 110.664629952563459, -7.597721681942603 ], [ 110.664639235088259, -7.597791561654724 ], [ 110.664646223495524, -7.597844562361296 ], [ 110.664652111457812, -7.597889219484171 ], [ 110.664649177422632, -7.597961016469866 ], [ 110.664646255638033, -7.598017017177258 ], [ 110.664647669647749, -7.598050046376799 ], [ 110.664664926370719, -7.598067291522197 ], [ 110.664700896359562, -7.5980788071753 ], [ 110.664765657419977, -7.59808172914084 ], [ 110.664797414736285, -7.598077863152117 ], [ 110.664847698589, -7.598071741019674 ], [ 110.664859759465017, -7.5980706874722 ], [ 110.664896633847121, -7.598067470374515 ], [ 110.664935483303708, -7.598077552697524 ], [ 110.664968046945106, -7.598097753975684 ], [ 110.664977199777766, -7.598103432612278 ], [ 110.664989381744505, -7.598109902359556 ], [ 110.66500196062583, -7.598116581365498 ], [ 110.665023234439417, -7.598127879416639 ], [ 110.665056823758434, -7.598142958065775 ], [ 110.665058106105079, -7.598143533448809 ], [ 110.665093729962265, -7.598159525458288 ], [ 110.6651555995509, -7.598178241424629 ], [ 110.665206814827798, -7.59817515204592 ], [ 110.665226122890033, -7.598173987387378 ], [ 110.665226739439362, -7.598173879315771 ], [ 110.66532400009369, -7.598156831006047 ], [ 110.665361226387063, -7.59814989640874 ], [ 110.665359339643501, -7.598186435461664 ], [ 110.665349242738827, -7.598215147383303 ], [ 110.665281541952083, -7.598292638403267 ], [ 110.665273387719097, -7.598298053131578 ], [ 110.665179449849475, -7.598360434986168 ], [ 110.66517354777919, -7.598364354406185 ], [ 110.665154337377743, -7.598382216364619 ], [ 110.665151944129121, -7.598384441539867 ], [ 110.665128888408162, -7.598421759373417 ], [ 110.665101414385802, -7.598589748890007 ], [ 110.665089865382129, -7.598635691504604 ], [ 110.665062491659995, -7.598673006003142 ], [ 110.664957316725634, -7.598820831777852 ], [ 110.664934025005124, -7.598864321212188 ], [ 110.664920380440691, -7.598889796590699 ], [ 110.664833858301634, -7.599051340768522 ], [ 110.664825738278012, -7.599067563166352 ], [ 110.664815607087803, -7.599087803864956 ], [ 110.664809847696716, -7.599085411387502 ], [ 110.664797400815175, -7.599080333543857 ], [ 110.664790772161922, -7.599077764006419 ], [ 110.664784872172348, -7.599075475444175 ], [ 110.664772227169891, -7.599071028827948 ], [ 110.664759500406788, -7.599066801051192 ], [ 110.664657634981637, -7.599033703334825 ], [ 110.664590943815554, -7.599011930688308 ], [ 110.664582271961848, -7.599009099057008 ], [ 110.664569685542475, -7.599005101140815 ], [ 110.664561260034944, -7.599002579962633 ], [ 110.664552772687841, -7.599000307489752 ], [ 110.664548461822633, -7.598999307337301 ], [ 110.664544130948386, -7.598998390388576 ], [ 110.664535427367227, -7.598996724706393 ], [ 110.664522318339664, -7.598994443235139 ], [ 110.664426008733813, -7.598978440466185 ], [ 110.664369861363369, -7.598969023143483 ], [ 110.664322340770312, -7.598960944895584 ], [ 110.664309356699903, -7.598958858898994 ], [ 110.664300679962977, -7.598957650034405 ], [ 110.664296589893411, -7.598957175598035 ], [ 110.664288395995641, -7.598956432953602 ], [ 110.664283897813789, -7.598956159917861 ], [ 110.664279396818827, -7.598956007186035 ], [ 110.664274895711472, -7.598955999183271 ], [ 110.664270397219838, -7.598956125057004 ], [ 110.664266300262057, -7.598956348933327 ], [ 110.664262212287738, -7.598956678649762 ], [ 110.66425813691265, -7.598957127777482 ], [ 110.66425407775462, -7.598957707173985 ], [ 110.664250037541791, -7.598958405986673 ], [ 110.664246016283272, -7.598959212456335 ], [ 110.664241634054633, -7.598960219458572 ], [ 110.66423728707467, -7.598961364885289 ], [ 110.664232983491218, -7.598962663215731 ], [ 110.664228720598615, -7.598964096356658 ], [ 110.664224869304107, -7.598965509010972 ], [ 110.664221054196403, -7.598967019385456 ], [ 110.664217282523197, -7.598968633817584 ], [ 110.664213200583703, -7.598970531136234 ], [ 110.664205527968306, -7.598974450077651 ], [ 110.664198343017617, -7.598978458042689 ], [ 110.664194563611034, -7.598980691185896 ], [ 110.664183362999779, -7.598987634952284 ], [ 110.664153771464697, -7.599006595108232 ], [ 110.66414264058271, -7.59901363571503 ], [ 110.664135166881081, -7.599018236845291 ], [ 110.664126313823715, -7.599023435725474 ], [ 110.664111777088095, -7.599031480469455 ], [ 110.664089824399341, -7.599043307762527 ], [ 110.664071487783815, -7.599053096265879 ], [ 110.664061325599562, -7.599058346596238 ], [ 110.664048538897987, -7.599089261711891 ], [ 110.66404107650493, -7.599107305476588 ], [ 110.663898705814077, -7.599585857211436 ], [ 110.663873676369988, -7.599693058637736 ], [ 110.663871660387841, -7.599817509695591 ], [ 110.663870858864158, -7.599839809127363 ], [ 110.663867738011973, -7.599926641502746 ], [ 110.663844641147989, -7.600016611698843 ], [ 110.663819706941524, -7.600091059171052 ], [ 110.663819252601698, -7.600092414750699 ], [ 110.663790084983361, -7.600117544286199 ], [ 110.663766092820907, -7.600124226667299 ], [ 110.66369029552574, -7.600125124982669 ], [ 110.663560774475272, -7.600118323675246 ], [ 110.663536503385288, -7.600124621390534 ], [ 110.663516630053266, -7.600129777343152 ], [ 110.663511359329576, -7.600129673756983 ], [ 110.663465779443655, -7.600128780909118 ], [ 110.663411092067491, -7.600126823568499 ], [ 110.663370373047101, -7.600120328032888 ], [ 110.663368881016609, -7.600120089882043 ], [ 110.663315158920199, -7.600111432317464 ], [ 110.663285415995446, -7.60011045132562 ], [ 110.663260473785115, -7.600106602990373 ], [ 110.663249922474776, -7.600102765815779 ], [ 110.663227885397973, -7.600102956771075 ], [ 110.663215318026488, -7.60010823235097 ], [ 110.66321567512243, -7.600109515290215 ], [ 110.663219114987299, -7.600121885065547 ], [ 110.6632207738825, -7.600130196520065 ], [ 110.663225084755908, -7.600145158527572 ], [ 110.66322550879012, -7.600146631475725 ], [ 110.663232621077583, -7.600161453640706 ], [ 110.663232664523207, -7.600161543225542 ], [ 110.66323301135634, -7.600162035573764 ], [ 110.663235481753503, -7.600165538126577 ], [ 110.663242199275373, -7.600175065611476 ], [ 110.663253847714714, -7.600186822131682 ], [ 110.663267751261401, -7.600196819227616 ], [ 110.663300716015726, -7.600216588565069 ], [ 110.663409431815808, -7.600263444805466 ], [ 110.6635198813035, -7.600278474610127 ], [ 110.663576405996423, -7.600278518413763 ], [ 110.663593385889612, -7.600279926398226 ], [ 110.663609109105039, -7.600283882450816 ], [ 110.663612712135048, -7.600284642356914 ], [ 110.663620402636766, -7.600286899758554 ], [ 110.663627648920865, -7.60029031917207 ], [ 110.663634276081808, -7.600294819956317 ], [ 110.663647138673952, -7.600305103883292 ], [ 110.663652182419128, -7.600309136689024 ], [ 110.663655914265476, -7.600312120096445 ], [ 110.663677590032066, -7.600328891098648 ], [ 110.663696085648311, -7.600343201954239 ], [ 110.663714850356243, -7.600357720161143 ], [ 110.663762764597678, -7.600389031436094 ], [ 110.663845558782157, -7.600416208750433 ], [ 110.663871377700104, -7.600424683637911 ], [ 110.663911739231835, -7.600432779013177 ], [ 110.663915495626156, -7.600433343651183 ], [ 110.663958036060322, -7.600439747377604 ], [ 110.664015757508224, -7.600445549558684 ], [ 110.664046975611427, -7.600450991110734 ], [ 110.664062153996994, -7.600454935871032 ], [ 110.664076486489321, -7.600461293335294 ], [ 110.664094165308157, -7.600470932408578 ], [ 110.664106797567655, -7.600477819531525 ], [ 110.664110601714825, -7.600479931902429 ], [ 110.664118925891316, -7.600484555203194 ], [ 110.664124793411631, -7.600487814339878 ], [ 110.664124384388501, -7.600491519090342 ], [ 110.664123218480384, -7.600502091559138 ], [ 110.664118580417494, -7.600544141746218 ], [ 110.664114258252155, -7.600583329253565 ], [ 110.664113928655141, -7.600586320369689 ], [ 110.664106335192074, -7.600655165780906 ], [ 110.66410610449195, -7.600655720096058 ], [ 110.664089032635886, -7.600696796404045 ], [ 110.664051601607397, -7.600712563725063 ], [ 110.664002663812582, -7.600719705324225 ], [ 110.663992575683551, -7.600736929333401 ], [ 110.663986786576686, -7.600778568862662 ], [ 110.663991063273201, -7.600831703155903 ], [ 110.663982376819177, -7.600897751730549 ], [ 110.663965472889316, -7.600958351222685 ], [ 110.66395585911944, -7.600982276558255 ], [ 110.663940999034452, -7.60101666446491 ], [ 110.663933818493959, -7.601028943699014 ], [ 110.663922083621202, -7.601049009454733 ], [ 110.663899389752999, -7.601078836848915 ], [ 110.663873249576284, -7.601105708193757 ], [ 110.663829747540376, -7.601155982367027 ], [ 110.663789696471227, -7.601209034389895 ], [ 110.663734932979125, -7.601304723983178 ], [ 110.663717863122258, -7.60133033415406 ], [ 110.663677235639284, -7.601391287025985 ], [ 110.663662013716959, -7.601414125253426 ], [ 110.663657126110664, -7.601421457425878 ], [ 110.663645161324069, -7.60143521099401 ], [ 110.663644642299502, -7.601435807599639 ], [ 110.663637603927882, -7.601445946755621 ], [ 110.663619246008977, -7.60143404031622 ], [ 110.663612576086408, -7.601429714077631 ], [ 110.663473881336046, -7.601384097399497 ], [ 110.663470333008604, -7.601382930483517 ], [ 110.663415016460888, -7.601364485284096 ], [ 110.663403414562296, -7.601356947658351 ], [ 110.663403167603491, -7.601378375523347 ], [ 110.663400718369886, -7.601590959047705 ], [ 110.663398057204731, -7.601821890444237 ], [ 110.663397889996673, -7.601836368657455 ], [ 110.663393653731973, -7.602203943955401 ], [ 110.663420145866738, -7.602195555735284 ], [ 110.663457345937175, -7.602168061617545 ], [ 110.663494535727253, -7.602154927334221 ], [ 110.663523323204146, -7.60215016273415 ], [ 110.663546106234179, -7.602154967311563 ], [ 110.663612046234491, -7.602184934840341 ], [ 110.663628831318931, -7.602192127319 ], [ 110.663652803505514, -7.602210095929302 ], [ 110.663676783144794, -7.602218491614885 ], [ 110.66371276608497, -7.602214929306932 ], [ 110.66374395981056, -7.602200593627292 ], [ 110.663759553879359, -7.602197015519856 ], [ 110.663776341759686, -7.602200618711962 ], [ 110.663780345965634, -7.602206621741864 ], [ 110.663790716877955, -7.602222169163908 ], [ 110.663803891667115, -7.602244916319475 ], [ 110.663818272373646, -7.602259287304085 ], [ 110.663837456262286, -7.602266481632844 ], [ 110.663872230522415, -7.602273688938763 ], [ 110.663902209956603, -7.602278499070732 ], [ 110.663935782004572, -7.602290491453171 ], [ 110.663982546535948, -7.602302494046201 ], [ 110.664030516051113, -7.60230731809605 ], [ 110.664080884389904, -7.602310946363315 ], [ 110.664119258692196, -7.602316959706659 ], [ 110.664136040070332, -7.602328939080442 ], [ 110.664156414089419, -7.602346904879724 ], [ 110.664225958870986, -7.602368498906954 ], [ 110.664257142388294, -7.602366129570609 ], [ 110.664285732471825, -7.602372735052621 ], [ 110.664288319374663, -7.602373333156679 ], [ 110.664337490160932, -7.60237576464361 ], [ 110.664379458976683, -7.60238537002737 ], [ 110.664401030526491, -7.602406926929565 ], [ 110.664402210408966, -7.602432057347876 ], [ 110.664398584328936, -7.602467954613763 ], [ 110.664435957461919, -7.602490734934178 ], [ 110.66445034377341, -7.602497926432052 ], [ 110.664481524489219, -7.602500343995011 ], [ 110.664517502803633, -7.602502765263984 ], [ 110.664546284721993, -7.602505180063659 ], [ 110.664582252842052, -7.60251956770793 ], [ 110.664590065970017, -7.602525079786033 ], [ 110.664623008323645, -7.602548319800249 ], [ 110.664642183903695, -7.60256508701799 ], [ 110.66468056102444, -7.602567510127181 ], [ 110.664714144261126, -7.602565142612469 ], [ 110.664762118480482, -7.602562787115232 ], [ 110.664843616939024, -7.602563997033859 ], [ 110.664864507883749, -7.602591139030086 ], [ 110.66488557353351, -7.602646679737457 ], [ 110.664918144373573, -7.602711803161083 ], [ 110.664925449773321, -7.602772330017727 ], [ 110.664925771356636, -7.60277499237818 ], [ 110.664923429984313, -7.602808488137239 ], [ 110.664921532657857, -7.602821168566029 ], [ 110.664917668411334, -7.602833395197603 ], [ 110.664911932668019, -7.602844867792536 ], [ 110.664904467980577, -7.602855302429836 ], [ 110.664895457676579, -7.602864442356623 ], [ 110.664885124042684, -7.602872061605141 ], [ 110.664810523873953, -7.602918502766426 ], [ 110.664776727036312, -7.602943752708359 ], [ 110.664770703202777, -7.602949116603186 ], [ 110.664765685840152, -7.602955429251386 ], [ 110.664761822865756, -7.6029625035239 ], [ 110.664759227763085, -7.602970131460183 ], [ 110.664758406883095, -7.602975356453622 ], [ 110.664744726183173, -7.602966589771443 ], [ 110.664722527861514, -7.602957080199393 ], [ 110.664702274235438, -7.602952132001913 ], [ 110.66469906374769, -7.602951347984123 ], [ 110.664674974670035, -7.602949549204415 ], [ 110.664616969485039, -7.602936266188924 ], [ 110.664604673046568, -7.602933449845439 ], [ 110.664566336909857, -7.602927240283125 ], [ 110.664533475811695, -7.602921916892712 ], [ 110.664519208850393, -7.602920953366164 ], [ 110.664428978345128, -7.602914859259683 ], [ 110.664404434966869, -7.60291320122478 ], [ 110.664310424078437, -7.60289188770841 ], [ 110.66429759756771, -7.602886388029567 ], [ 110.664242655592318, -7.602867446614845 ], [ 110.664206671410938, -7.602855040814402 ], [ 110.664129781661842, -7.602828532065211 ], [ 110.664037494217666, -7.602796715201488 ], [ 110.663994173277246, -7.602781779989977 ], [ 110.663981595219482, -7.602777390386134 ], [ 110.663973073897964, -7.602774416841143 ], [ 110.663947780247142, -7.602765299220999 ], [ 110.663942748359105, -7.602763466310176 ], [ 110.663876954970988, -7.602739507914876 ], [ 110.663746976029472, -7.602692175780207 ], [ 110.663717225181017, -7.602681342367047 ], [ 110.663645659470475, -7.602655281797089 ], [ 110.663638949987103, -7.602652838815781 ], [ 110.663606975036856, -7.602641194997518 ], [ 110.663577567742948, -7.60263041973301 ], [ 110.663548407178652, -7.602619465555503 ], [ 110.663186251425898, -7.602482582967308 ], [ 110.663165422598397, -7.602474755047908 ], [ 110.663152828447181, -7.602470100372972 ], [ 110.663121109089616, -7.602458571597088 ], [ 110.663090105725246, -7.602447303887182 ], [ 110.662560702339292, -7.602254892241116 ], [ 110.662495093060329, -7.6022310459506 ], [ 110.662472066204757, -7.602222716974222 ], [ 110.662459804562332, -7.602218343855604 ], [ 110.662441839431168, -7.602211935570428 ], [ 110.662415217105774, -7.60220243872537 ], [ 110.662395513581146, -7.60219549720672 ], [ 110.662115688571348, -7.602097672332827 ], [ 110.662069145038572, -7.602081401108879 ], [ 110.66204740315392, -7.602073800374881 ], [ 110.66203034976013, -7.602067762746857 ], [ 110.662013398897486, -7.602061613032914 ], [ 110.661989650735762, -7.602052889987745 ], [ 110.661655933122404, -7.601930300406002 ], [ 110.661520963946188, -7.601880721337266 ], [ 110.661336597995941, -7.601812995364107 ], [ 110.661284990136238, -7.6017935930536 ], [ 110.661166132477589, -7.601748906534674 ], [ 110.661138737533534, -7.601738606668432 ], [ 110.661040033452224, -7.601701497944979 ], [ 110.660871880920268, -7.601638279184296 ], [ 110.660799302984273, -7.601610992597664 ], [ 110.660791004820808, -7.601607899764833 ], [ 110.660774086754458, -7.601601594445742 ], [ 110.660752931523291, -7.601593928979143 ], [ 110.660509004026608, -7.601506464811293 ], [ 110.660503100268357, -7.601504348053546 ], [ 110.660244718917866, -7.601411701989448 ], [ 110.660233476951959, -7.601407667912111 ], [ 110.660179048948009, -7.6013881348196 ], [ 110.660136961369105, -7.601373031047347 ], [ 110.659940684730131, -7.601302592357321 ], [ 110.659921526089548, -7.601295716284456 ], [ 110.659909564514194, -7.601291423836509 ], [ 110.659704684286041, -7.60121789828607 ], [ 110.659675130156486, -7.601207345170772 ], [ 110.659645424499772, -7.601196958373175 ], [ 110.659642479850248, -7.60119593481973 ], [ 110.659558687419519, -7.601166787611054 ], [ 110.659512885402805, -7.601150855911148 ], [ 110.659413087301672, -7.601116142141828 ], [ 110.659068009847331, -7.600996108848268 ], [ 110.658919320193519, -7.600944388891866 ], [ 110.658917232933277, -7.600943659083677 ], [ 110.658893858884255, -7.600935483424842 ], [ 110.658874870602489, -7.600928748551844 ], [ 110.658868287104241, -7.600926413240209 ], [ 110.658851101400515, -7.600920432373977 ], [ 110.658837009884991, -7.600915528552213 ], [ 110.658784147584029, -7.6008972439041 ], [ 110.658755046095067, -7.600887567599313 ], [ 110.658740378037962, -7.600882618093461 ], [ 110.658729435907304, -7.600878925231904 ], [ 110.65870681936174, -7.600871253996924 ], [ 110.65864816172234, -7.600851358283675 ], [ 110.658655187411526, -7.600829858873726 ], [ 110.658497706362112, -7.600776450293538 ], [ 110.658342409606533, -7.6007237823997 ], [ 110.658170024064319, -7.600665319069847 ], [ 110.658113015996193, -7.60064598541048 ], [ 110.658112308133724, -7.600645770473069 ], [ 110.658098081996684, -7.60064145719761 ], [ 110.65800488431276, -7.600613197801627 ], [ 110.657912483327266, -7.60058517962606 ], [ 110.657887907647805, -7.600579880362864 ], [ 110.657862794766572, -7.6005786638442 ], [ 110.657837820053103, -7.600581562261709 ], [ 110.65767552890108, -7.600614049023073 ], [ 110.657500426890309, -7.600635187902057 ], [ 110.657494202680908, -7.600635939201062 ], [ 110.657465691713128, -7.600637332338348 ], [ 110.657437272811819, -7.600634659563866 ], [ 110.657409525233646, -7.600627975608233 ], [ 110.657359422580456, -7.60061205205219 ], [ 110.657328312981676, -7.600604800090105 ], [ 110.65731751089038, -7.600604024499701 ], [ 110.65729644789991, -7.60060251264124 ], [ 110.657178426138941, -7.600603339395441 ], [ 110.657144862192723, -7.600600989988676 ], [ 110.657130985088216, -7.600597832076527 ], [ 110.657112058385181, -7.60059352591156 ], [ 110.65704232121189, -7.600571905291151 ], [ 110.656889024634992, -7.600505520865814 ], [ 110.656866807081727, -7.600494367309207 ], [ 110.656935957463801, -7.600294676843673 ], [ 110.657008123817164, -7.600099708722004 ], [ 110.65705710837338, -7.599967368254467 ], [ 110.657076318997923, -7.599940577793921 ], [ 110.65709550896716, -7.599938678908043 ], [ 110.657153068539913, -7.599948297287251 ], [ 110.657210624467027, -7.599963659591303 ], [ 110.657281676174861, -7.599994307790749 ], [ 110.657308455260676, -7.600005859312856 ], [ 110.65737369229133, -7.600013569680979 ], [ 110.657404397216965, -7.60000976401715 ], [ 110.657438958766022, -7.59998298655694 ], [ 110.657452406581953, -7.599963850413976 ], [ 110.657513977522981, -7.599755202362382 ], [ 110.657525579250304, -7.599718139158708 ], [ 110.657550528635426, -7.599638437534485 ], [ 110.657573591887399, -7.599592504239144 ], [ 110.657608145809633, -7.599575299681517 ], [ 110.657658042467219, -7.599569595089378 ], [ 110.657700258657286, -7.599569628372345 ], [ 110.65772137084717, -7.599563901079859 ], [ 110.657759693146815, -7.599526367757101 ], [ 110.65779464227812, -7.599526395302725 ], [ 110.657861235908513, -7.599527832658013 ], [ 110.65788674814668, -7.599528382830457 ], [ 110.657915187377995, -7.599530482099563 ], [ 110.657936737464013, -7.599530448421995 ], [ 110.657958037174012, -7.59952718346918 ], [ 110.657978604152802, -7.599520762843865 ], [ 110.657997970495998, -7.599511330906781 ], [ 110.658001713043873, -7.599508748631178 ], [ 110.658015695440582, -7.599499102595374 ], [ 110.65803137896981, -7.599484355293817 ], [ 110.658044662723555, -7.599467424310621 ], [ 110.658047853993352, -7.599462655286567 ], [ 110.658113011403728, -7.599459769499263 ], [ 110.658163379330915, -7.599463399341344 ], [ 110.6582029545594, -7.599467020681909 ], [ 110.658211169647473, -7.599468473534961 ], [ 110.658264110419481, -7.599477838471987 ], [ 110.658336053190354, -7.59949943530015 ], [ 110.65836763426816, -7.599518004469532 ], [ 110.658397189200855, -7.599535382550374 ], [ 110.658440041064722, -7.599565033262284 ], [ 110.658443937183165, -7.599567729192894 ], [ 110.658472698054737, -7.599596471496703 ], [ 110.658505051430026, -7.599632396996722 ], [ 110.658513959463036, -7.599635738199379 ], [ 110.658562601550159, -7.59965398156417 ], [ 110.658630943359, -7.599679165699764 ], [ 110.658661035551589, -7.599692404933612 ], [ 110.658720861065405, -7.599718725720298 ], [ 110.658792800162288, -7.599743911754113 ], [ 110.658814290898135, -7.599745578553759 ], [ 110.658839570864714, -7.599747538692486 ], [ 110.658853959818956, -7.599751140184527 ], [ 110.65888633873503, -7.599754755809942 ], [ 110.65897253251282, -7.599819317520761 ], [ 110.659001155959885, -7.599840757195699 ], [ 110.659028081091478, -7.599828114544465 ], [ 110.659025485826731, -7.599714024361453 ], [ 110.659024068486517, -7.599646687127175 ], [ 110.659023653923427, -7.599633226090118 ], [ 110.659023184132607, -7.599624269703179 ], [ 110.659022493444766, -7.599616074779675 ], [ 110.659022045195627, -7.599611989448641 ], [ 110.65902150364839, -7.599607804543044 ], [ 110.659020862367115, -7.599603634032062 ], [ 110.659020107749043, -7.599599483332292 ], [ 110.65901925520798, -7.599595349742241 ], [ 110.659017367695782, -7.599587348358589 ], [ 110.659015182874668, -7.5995792888498 ], [ 110.659012756051084, -7.599571164022848 ], [ 110.659007632194587, -7.599554980189343 ], [ 110.65899977050438, -7.599530744553651 ], [ 110.65899576212297, -7.599518658334352 ], [ 110.658992452492214, -7.599509142510011 ], [ 110.658986426526965, -7.59949305204167 ], [ 110.658970981693244, -7.599453489064792 ], [ 110.658969360886459, -7.599448716254037 ], [ 110.658966648168146, -7.599439856702083 ], [ 110.65896392956067, -7.599430418229038 ], [ 110.658961792888562, -7.5994222330244 ], [ 110.658960876762222, -7.599418259490874 ], [ 110.658959812953427, -7.599413024888971 ], [ 110.658958342400751, -7.599403955550858 ], [ 110.658957175908526, -7.599395579342129 ], [ 110.658955254565058, -7.599379901861624 ], [ 110.658954042962861, -7.599367801556616 ], [ 110.658951995963534, -7.599342478686928 ], [ 110.658950574900359, -7.599325837341631 ], [ 110.658945653443254, -7.599271442468297 ], [ 110.658945301142154, -7.599267546264928 ], [ 110.65894467584674, -7.599259202140725 ], [ 110.6589444325529, -7.599255028323996 ], [ 110.658944199839624, -7.5992477853539 ], [ 110.658944254727075, -7.599241414602598 ], [ 110.658944395125957, -7.599238118507427 ], [ 110.658944628894261, -7.599234831531161 ], [ 110.658945340805303, -7.599228763417946 ], [ 110.658945765330643, -7.599226146868196 ], [ 110.658921971110033, -7.599230121797381 ], [ 110.658880500094398, -7.599237048880979 ], [ 110.658832287889325, -7.59923701100313 ], [ 110.658750251509773, -7.599240536725437 ], [ 110.658646624525645, -7.599248352959589 ], [ 110.658537954634753, -7.599262627357633 ], [ 110.65847391102723, -7.599262576990011 ], [ 110.658458084503167, -7.599257538823628 ], [ 110.658438769505054, -7.59925020305181 ], [ 110.658401253349354, -7.599235954810029 ], [ 110.658365282322038, -7.599225874169737 ], [ 110.658333624968833, -7.599220105325138 ], [ 110.658289734953925, -7.599213608633768 ], [ 110.658257352679257, -7.59921430136745 ], [ 110.658231441818373, -7.599221461346524 ], [ 110.65817312426924, -7.599260186557588 ], [ 110.658132798354274, -7.599296772175955 ], [ 110.658077329609284, -7.599372836104285 ], [ 110.658057163519743, -7.599395077749457 ], [ 110.658012716329921, -7.599456860158702 ], [ 110.657992332820143, -7.599481186632716 ], [ 110.657952739413133, -7.599500541001931 ], [ 110.657916038333042, -7.599503384056766 ], [ 110.657880057866109, -7.599504073926522 ], [ 110.657783015500726, -7.599503525275038 ], [ 110.657753783155371, -7.599504695345037 ], [ 110.657689176264668, -7.599507279390076 ], [ 110.657674804873693, -7.599507854212757 ], [ 110.657624392181219, -7.599509238236967 ], [ 110.65759852629192, -7.599509947817935 ], [ 110.657561671426436, -7.599504359347592 ], [ 110.657541746521844, -7.599501337791028 ], [ 110.657536648588845, -7.599500564896985 ], [ 110.657470252857209, -7.599480494683089 ], [ 110.6574675845564, -7.599479688427156 ], [ 110.657429133960051, -7.599470887510368 ], [ 110.657417148802722, -7.599468994767211 ], [ 110.657405017284802, -7.599468754533445 ], [ 110.657392758184855, -7.599469350009147 ], [ 110.657382404765912, -7.599469853818902 ], [ 110.657344541353794, -7.59947169365929 ], [ 110.657322222866185, -7.59947584152992 ], [ 110.657307177947075, -7.599478638304857 ], [ 110.657232987898695, -7.599492427604125 ], [ 110.657199405204707, -7.599494392926165 ], [ 110.657137068427289, -7.599498041535378 ], [ 110.657094162141959, -7.599500553075654 ], [ 110.657090195717714, -7.599500785127976 ], [ 110.656992240364929, -7.5995026245131 ], [ 110.656973471273787, -7.599503115332918 ], [ 110.656966314667571, -7.599503303254186 ], [ 110.65693584877765, -7.59950410052171 ], [ 110.656921372380737, -7.59950447894763 ], [ 110.656863479816195, -7.599504433200998 ], [ 110.656854767691939, -7.599504426316021 ], [ 110.656834489565497, -7.599504410290038 ], [ 110.656831386381171, -7.599504407837482 ], [ 110.656826858977595, -7.599504404259272 ], [ 110.656818222458753, -7.599502801795278 ], [ 110.656759979440253, -7.599491992437493 ], [ 110.656757435075775, -7.599491520056707 ], [ 110.656747781536978, -7.599489728639522 ], [ 110.656725591088204, -7.59948561074118 ], [ 110.656671811720045, -7.599466048791695 ], [ 110.656670992418483, -7.599465750544731 ], [ 110.656668234525114, -7.599464747924324 ], [ 110.656644076905977, -7.599455960953811 ], [ 110.656626647402916, -7.599443163070903 ], [ 110.656600567932216, -7.599424013785741 ], [ 110.656572641048157, -7.599403507107493 ], [ 110.656553120407793, -7.599389174344224 ], [ 110.656535756904091, -7.59936748200408 ], [ 110.656495460937123, -7.599317142302615 ], [ 110.656494410360963, -7.599315828959711 ], [ 110.656490510547656, -7.599310956645884 ], [ 110.656486486656789, -7.599305930459211 ], [ 110.656477490517887, -7.599283437871765 ], [ 110.656476328791854, -7.599280533325718 ], [ 110.656466725551553, -7.599256524220743 ], [ 110.656462262316822, -7.599245364791862 ], [ 110.656457854271565, -7.599234345612905 ], [ 110.656444868097125, -7.599201876225909 ], [ 110.656416703957646, -7.599146843326069 ], [ 110.656407662460936, -7.599132380451219 ], [ 110.656395893870936, -7.599119229739173 ], [ 110.656382052935982, -7.599108272746011 ], [ 110.656367054814865, -7.59910010720317 ], [ 110.656322527912153, -7.599080589621728 ], [ 110.6562734579703, -7.599059081128694 ], [ 110.65625787405537, -7.599052250244219 ], [ 110.656255332017935, -7.599051135627177 ], [ 110.656182749327357, -7.599025073967738 ], [ 110.656180106529675, -7.599024124804366 ], [ 110.656167115545429, -7.599019393636723 ], [ 110.656139318249117, -7.599009268631845 ], [ 110.656118075354897, -7.599001531418221 ], [ 110.656100626255494, -7.598995176657105 ], [ 110.656040168435638, -7.598973156186017 ], [ 110.655995779413871, -7.598956989159308 ], [ 110.655941344002954, -7.598937162472962 ], [ 110.655888338746465, -7.598917857033394 ], [ 110.655842990866475, -7.598901340072779 ], [ 110.655827201220561, -7.598895589050941 ], [ 110.655746091024014, -7.598865456388729 ], [ 110.655687763396912, -7.59884378671766 ], [ 110.655625727198071, -7.5988207400764 ], [ 110.655501735744664, -7.598776622384015 ], [ 110.655493972288539, -7.598773860040916 ], [ 110.655391499390049, -7.598737399274342 ], [ 110.655340060840942, -7.598719096357321 ], [ 110.655337835848982, -7.598718304913439 ], [ 110.655284052637455, -7.598716275816111 ], [ 110.655264441713911, -7.598715211866962 ], [ 110.655175457818672, -7.598710384153248 ], [ 110.655166541710258, -7.598711543951111 ], [ 110.655147575259988, -7.598714010992877 ], [ 110.655064759898679, -7.598724780901667 ], [ 110.65504786436351, -7.598725715456045 ], [ 110.655025142062954, -7.598726971925815 ], [ 110.654986140809882, -7.598723336282712 ], [ 110.654948107804486, -7.598713980085134 ], [ 110.65491510777828, -7.598700437073251 ], [ 110.654911880549065, -7.5986991129515 ], [ 110.654911017001808, -7.598698597572563 ], [ 110.654881819491038, -7.59868118426878 ], [ 110.654878257471452, -7.598679059348106 ], [ 110.65484758841113, -7.598653939859693 ], [ 110.654816186111077, -7.598624066341621 ], [ 110.654812749841071, -7.598620001246559 ], [ 110.654804176374896, -7.598609858875118 ], [ 110.654789109387636, -7.598598307469666 ], [ 110.654781117723772, -7.598590704650527 ], [ 110.654766051145799, -7.598576371733255 ], [ 110.654746581092553, -7.598557849026734 ], [ 110.654718617521524, -7.598531247303409 ], [ 110.654675903535207, -7.598490611413263 ], [ 110.65467222642333, -7.598488437553469 ], [ 110.654636331542079, -7.59846721796152 ], [ 110.65462372080718, -7.598459763431675 ], [ 110.654574232943915, -7.598430507798086 ], [ 110.654567337228642, -7.598426430903917 ], [ 110.654497706818461, -7.59838526884336 ], [ 110.654416233267696, -7.598302987966374 ], [ 110.654400998025835, -7.598287601999189 ], [ 110.654375766895797, -7.598262120461546 ], [ 110.654372458785943, -7.598258780015037 ], [ 110.654355313141863, -7.598241464011348 ], [ 110.654320087940775, -7.598205890519844 ], [ 110.654316350466118, -7.598202116448609 ], [ 110.654314431646014, -7.598200506619698 ], [ 110.654291612367004, -7.598181358893157 ], [ 110.654270430156714, -7.598163584681044 ], [ 110.654267726777803, -7.598161315710178 ], [ 110.654261616089514, -7.598156188341735 ], [ 110.654220389559342, -7.59812159422233 ], [ 110.654212511348021, -7.598114983782245 ], [ 110.654177319411033, -7.598085453648651 ], [ 110.654155301011158, -7.59806697773408 ], [ 110.654137416498514, -7.598051970466753 ], [ 110.65412314716518, -7.59803835457227 ], [ 110.654111005729703, -7.59802337177806 ], [ 110.654103655751371, -7.598011468292027 ], [ 110.65410064803649, -7.598006597573233 ], [ 110.654097682582375, -7.598001028570424 ], [ 110.65409274378186, -7.597991751123184 ], [ 110.654091386878562, -7.597989202811256 ], [ 110.654084731808567, -7.597976701966513 ], [ 110.654083711641732, -7.597974786207785 ], [ 110.654081976363145, -7.597971526612999 ], [ 110.654068516864285, -7.597946246200877 ], [ 110.65406565822498, -7.5979408780945 ], [ 110.654064908715227, -7.597939470007515 ], [ 110.654060226802002, -7.597932048914561 ], [ 110.654057217193952, -7.597927279504312 ], [ 110.654054750913104, -7.597924408286421 ], [ 110.654048960632053, -7.597917668346085 ], [ 110.654047494268326, -7.597915961184385 ], [ 110.654044195749393, -7.597913103776418 ], [ 110.654038264577281, -7.597907963884228 ], [ 110.654036214440779, -7.597906187511136 ], [ 110.654029344363224, -7.597901810316584 ], [ 110.654024044563101, -7.597898433907841 ], [ 110.654022366326416, -7.597897530728009 ], [ 110.654017822764047, -7.597895084805776 ], [ 110.653996137085883, -7.597883411413851 ], [ 110.653992518728487, -7.597881463734547 ], [ 110.653981102733781, -7.597875319032227 ], [ 110.653972019234828, -7.597870428998855 ], [ 110.653968542091803, -7.597868743753295 ], [ 110.653965920415246, -7.597867472571586 ], [ 110.653951140972779, -7.597860308467078 ], [ 110.653924166611731, -7.597847232413241 ], [ 110.653920423949145, -7.597845417604112 ], [ 110.653913522225167, -7.597842071577021 ], [ 110.65389473460074, -7.597832964907396 ], [ 110.653884224333652, -7.597827870210018 ], [ 110.653858759729303, -7.597815525332565 ], [ 110.653846864768752, -7.597809759254307 ], [ 110.653840828630138, -7.597804380472968 ], [ 110.653835345102223, -7.597799494210761 ], [ 110.653835278064221, -7.597799434456582 ], [ 110.653821148445815, -7.597786843526714 ], [ 110.65381501899833, -7.597781381451486 ], [ 110.65380732684153, -7.597774526018013 ], [ 110.653792561269796, -7.597761368327891 ], [ 110.653787541573763, -7.597756894912644 ], [ 110.653778860626389, -7.597754229500777 ], [ 110.65377107152068, -7.597751837071205 ], [ 110.65370947649923, -7.59773292072322 ], [ 110.6536754087156, -7.597726094006762 ], [ 110.653661511489148, -7.597723309554294 ], [ 110.653615937582259, -7.597723273208652 ], [ 110.653581256980175, -7.597731135089092 ], [ 110.653568803045204, -7.597733959130617 ], [ 110.653558465818307, -7.597734671816288 ], [ 110.653554834824249, -7.597734922195654 ], [ 110.653540893792552, -7.597733632031732 ], [ 110.653527341643482, -7.597730121491422 ], [ 110.653514531863493, -7.59772448312155 ], [ 110.653509412661421, -7.597722006884563 ], [ 110.653504698348996, -7.597718829939266 ], [ 110.653500484971289, -7.597715015681242 ], [ 110.653496703741055, -7.597710424753964 ], [ 110.653493649985947, -7.597705322428087 ], [ 110.653491112193251, -7.597698930616287 ], [ 110.653489715132025, -7.597692198696832 ], [ 110.653489475533959, -7.597691397973175 ], [ 110.653485207954049, -7.597677164085586 ], [ 110.653481855373116, -7.597665981092523 ], [ 110.653478702183264, -7.59764581510802 ], [ 110.653478963312153, -7.597625405808328 ], [ 110.653482632860275, -7.597605326677492 ], [ 110.653482821070028, -7.597604639364711 ], [ 110.653484014879382, -7.597600284877702 ], [ 110.653495226495693, -7.597559398823747 ], [ 110.65350431841064, -7.597525488827078 ], [ 110.653509661354249, -7.597505560282695 ], [ 110.653520500932572, -7.597448129592527 ], [ 110.653484814430371, -7.597262089027741 ], [ 110.653485304433772, -7.597241153458358 ], [ 110.65343190334039, -7.597175467185608 ], [ 110.653429092777174, -7.597173473109549 ], [ 110.6533563089734, -7.59712184716524 ], [ 110.653338505142187, -7.597108057464784 ], [ 110.653320857144564, -7.597094388194053 ], [ 110.653260648842547, -7.597047753664523 ], [ 110.653260353486473, -7.597047524575927 ], [ 110.653209169126427, -7.597012200581445 ], [ 110.653160800814831, -7.596978820912721 ], [ 110.653159943680791, -7.596978228648321 ], [ 110.653121026267328, -7.596944890895355 ], [ 110.653095271273529, -7.596922828998275 ], [ 110.653094319129806, -7.596922013232447 ], [ 110.653024484452473, -7.59683537149602 ], [ 110.653018242778799, -7.596830834681958 ], [ 110.653009736924801, -7.596824651575361 ], [ 110.652972511584835, -7.596797591879118 ], [ 110.652969850561163, -7.596795657620455 ], [ 110.65290293102646, -7.596754703724262 ], [ 110.65288572565926, -7.596744174506036 ], [ 110.652852712161092, -7.596723971085699 ], [ 110.65284422687256, -7.596717020024019 ], [ 110.652841651207723, -7.596714910348917 ], [ 110.652783535233439, -7.59666730231746 ], [ 110.652708138863403, -7.596605537722452 ], [ 110.652697233154171, -7.596592821793659 ], [ 110.652695637284651, -7.596590961654139 ], [ 110.652675067603184, -7.59656697717439 ], [ 110.652629376126043, -7.596513702061898 ], [ 110.652621747294617, -7.596504807789267 ], [ 110.652621488178482, -7.596504607675055 ], [ 110.652568375817836, -7.596463467578603 ], [ 110.652525032357005, -7.596429378167185 ], [ 110.652460327480512, -7.596378487616398 ], [ 110.652435244254249, -7.596358759975711 ], [ 110.652397535202923, -7.596341458200844 ], [ 110.652366010253786, -7.596326993538168 ], [ 110.652350540548596, -7.596319260768359 ], [ 110.652322252675546, -7.596305119810898 ], [ 110.652300283235093, -7.596293615263928 ], [ 110.652293012949485, -7.596289807593718 ], [ 110.652267056316987, -7.59627621485097 ], [ 110.652227846798951, -7.596255681689755 ], [ 110.652224056612695, -7.596254368857579 ], [ 110.652191502886538, -7.596243089206813 ], [ 110.652166399930522, -7.596234391696619 ], [ 110.6521498267997, -7.596229095815921 ], [ 110.652109147133416, -7.596216097326637 ], [ 110.652089922194307, -7.59620756553072 ], [ 110.652075153228822, -7.596201011949703 ], [ 110.652050198146796, -7.59618993737717 ], [ 110.652011909583862, -7.596172946273234 ], [ 110.652007753277928, -7.596171472134893 ], [ 110.652006520542542, -7.596171237771776 ], [ 110.65200341876124, -7.596170650038952 ], [ 110.651879539112159, -7.596156890168557 ], [ 110.651857326166848, -7.596153972358758 ], [ 110.651852938872096, -7.59615339625833 ], [ 110.651805077477405, -7.596147109221122 ], [ 110.651778736488268, -7.596143648982761 ], [ 110.651777216344868, -7.596143449666346 ], [ 110.65177575784179, -7.596143257635751 ], [ 110.651774199682407, -7.596150865515034 ], [ 110.651769850451458, -7.596161562930595 ], [ 110.65176016460272, -7.596185383894776 ], [ 110.651737322053506, -7.596241563860964 ], [ 110.651723409597494, -7.596275779311013 ], [ 110.651701321884303, -7.596330105539253 ], [ 110.651701290091992, -7.596330183305611 ], [ 110.651699960250227, -7.596333454924313 ], [ 110.651688411344978, -7.596361856875059 ], [ 110.651678797245822, -7.596385503314939 ], [ 110.651677113147471, -7.596389640309899 ], [ 110.651645594986704, -7.596466940131246 ], [ 110.651629493446038, -7.596506436430897 ], [ 110.651595183758971, -7.596590738892939 ], [ 110.651576122715156, -7.596637573290928 ], [ 110.651548291440889, -7.596705955325494 ], [ 110.6515445998606, -7.596715025968728 ], [ 110.651542897601331, -7.596719196416999 ], [ 110.651537422066582, -7.596732566794434 ], [ 110.651535976881831, -7.596736095213933 ], [ 110.65152505578962, -7.596762759105213 ], [ 110.651519736490798, -7.596775746980372 ], [ 110.651507054107867, -7.596806707909757 ], [ 110.651501712099375, -7.596819750944324 ], [ 110.651475231992904, -7.596885370637069 ], [ 110.651453611146465, -7.596938507731474 ], [ 110.651436848220612, -7.59697970405673 ], [ 110.651418276740813, -7.597025344823972 ], [ 110.651382945952392, -7.597112174678978 ], [ 110.651348762413988, -7.597196183235424 ], [ 110.651330006516247, -7.597242277936822 ], [ 110.651312076318007, -7.59728634257114 ], [ 110.65129909488364, -7.597318246704512 ], [ 110.651295690334024, -7.597326613830571 ], [ 110.651290650741245, -7.597338983210016 ], [ 110.651279036448784, -7.597367457458208 ], [ 110.651277672999129, -7.597370801412673 ], [ 110.651254070162821, -7.597428669540919 ], [ 110.651238787058972, -7.597466061575827 ], [ 110.651227576115716, -7.597493492288118 ], [ 110.65122390635328, -7.597502470680483 ], [ 110.651222467514941, -7.597505991867195 ], [ 110.651208032812178, -7.597541306816185 ], [ 110.651203005054199, -7.597553608362067 ], [ 110.651183050127912, -7.597602592149345 ], [ 110.651178144056033, -7.597614635994018 ], [ 110.651167181925089, -7.597641544070527 ], [ 110.65116592449931, -7.597644940573939 ], [ 110.651165823013017, -7.597644879887158 ], [ 110.651155881876491, -7.597669287685266 ], [ 110.651144429222185, -7.597697404758708 ], [ 110.651143980482487, -7.597698516097942 ], [ 110.651143965040234, -7.597698554076871 ], [ 110.651137836083436, -7.59771387776424 ], [ 110.651133598991976, -7.597724874669445 ], [ 110.65112725292478, -7.597741867993101 ], [ 110.651127118462782, -7.597742227898478 ], [ 110.651099634170023, -7.597816331491553 ], [ 110.651098217747645, -7.597820157531203 ], [ 110.651075845794836, -7.59788049697841 ], [ 110.651050856321504, -7.597947898000641 ], [ 110.651005164764882, -7.598071139637543 ], [ 110.651002574507586, -7.598078125252923 ], [ 110.650996071112573, -7.598095714550059 ], [ 110.650976536408933, -7.59814852945777 ], [ 110.650974598474519, -7.59815376889913 ], [ 110.650969858768619, -7.598166344753386 ], [ 110.65096658930689, -7.598174683038724 ], [ 110.650964891591229, -7.598178825446371 ], [ 110.650963205808367, -7.598182785143196 ], [ 110.650959708273845, -7.598190650162246 ], [ 110.65095605939608, -7.598198449027024 ], [ 110.650954252211463, -7.598202311838724 ], [ 110.650953068129724, -7.598204689869952 ], [ 110.650948548823692, -7.598213766172953 ], [ 110.650944404099533, -7.598221508556592 ], [ 110.650940001836219, -7.598229342997876 ], [ 110.650935796580001, -7.598236827534219 ], [ 110.650919116760093, -7.598265912796096 ], [ 110.650911036947278, -7.598280001096309 ], [ 110.650903004342524, -7.59829400621512 ], [ 110.650871700738804, -7.598348864093952 ], [ 110.650865976739695, -7.598358893734231 ], [ 110.650859386755371, -7.598370311171964 ], [ 110.650857283385861, -7.598373847200244 ], [ 110.650854895875568, -7.598377860605774 ], [ 110.650853812923387, -7.59837961728781 ], [ 110.65085259290008, -7.598381596380476 ], [ 110.65084862805675, -7.598387740556795 ], [ 110.650844698901764, -7.598393473188644 ], [ 110.650842665012476, -7.598396289245965 ], [ 110.65083821906083, -7.598402088399393 ], [ 110.650836038395482, -7.598404795791938 ], [ 110.650831568344785, -7.598410126365798 ], [ 110.650826150282583, -7.598416261232394 ], [ 110.650825759194788, -7.598416704150519 ], [ 110.650816851593305, -7.598426411017306 ], [ 110.650795164079483, -7.598449643386394 ], [ 110.650790192915807, -7.598456947298473 ], [ 110.650779033183952, -7.598466923720217 ], [ 110.650768464352595, -7.598478245691909 ], [ 110.650760909813457, -7.59848625127081 ], [ 110.65076088259309, -7.598486280194707 ], [ 110.650756166222862, -7.598491278597463 ], [ 110.6507499184235, -7.598497694112666 ], [ 110.650746741985301, -7.598500849363729 ], [ 110.650743547474221, -7.598503932235706 ], [ 110.650737055187435, -7.598509993872629 ], [ 110.650735555537096, -7.598511350405352 ], [ 110.650731139144924, -7.598515344087145 ], [ 110.650723872237577, -7.598521916175073 ], [ 110.650721843690178, -7.598523729083227 ], [ 110.650706703978742, -7.598537256303041 ], [ 110.650701159947644, -7.598542210620741 ], [ 110.650701115552238, -7.598542178021012 ], [ 110.650659752590357, -7.598579146523821 ], [ 110.65065704810452, -7.5985771470881 ], [ 110.650656332344923, -7.598576617346915 ], [ 110.65063744443448, -7.598562652990909 ], [ 110.650604048342984, -7.598537962493332 ], [ 110.650597986029936, -7.598532480527976 ], [ 110.650566364529041, -7.59850388648647 ], [ 110.650543358300396, -7.598481814893887 ], [ 110.650523588726486, -7.598462847628063 ], [ 110.650520341204114, -7.598459732436763 ], [ 110.650510017335108, -7.598448382802983 ], [ 110.650503709612266, -7.598441448826256 ], [ 110.650503026667863, -7.598440698399493 ], [ 110.650493144489772, -7.598427989572882 ], [ 110.650484318330314, -7.598412079467112 ], [ 110.650480799532446, -7.598402499194233 ], [ 110.650478046911005, -7.598395003635412 ], [ 110.650474961652563, -7.598379568519242 ], [ 110.650474893932909, -7.598379231065282 ], [ 110.650469163837698, -7.598331750822276 ], [ 110.650468571285558, -7.598326842223531 ], [ 110.650467376253005, -7.598288936739503 ], [ 110.650466891869527, -7.598273580603907 ], [ 110.650476247889912, -7.598184669356718 ], [ 110.650480028762402, -7.598136959774468 ], [ 110.650485254017497, -7.598071029070032 ], [ 110.65048650698391, -7.598055213913418 ], [ 110.650490603838634, -7.598003520919521 ], [ 110.650493698693168, -7.597964466482761 ], [ 110.650497830296629, -7.597924737176757 ], [ 110.650498976041888, -7.59791371155875 ], [ 110.65050692403284, -7.597837281146727 ], [ 110.650510901494371, -7.597816646897701 ], [ 110.650523578573058, -7.597750875962542 ], [ 110.650524492079285, -7.597744531235834 ], [ 110.650524800955353, -7.597738126321864 ], [ 110.650524863240221, -7.59766106541927 ], [ 110.650524569021442, -7.597657187350035 ], [ 110.650523924974266, -7.597648692144403 ], [ 110.650520930058917, -7.597629161270397 ], [ 110.650518502382269, -7.597613330487693 ], [ 110.650514859962897, -7.597589582051548 ], [ 110.650512676517721, -7.597580029085447 ], [ 110.650509766169861, -7.597572518926918 ], [ 110.650494707411383, -7.597545372836141 ], [ 110.650476503626649, -7.597520662897453 ], [ 110.650410059463994, -7.597470506051706 ], [ 110.65039918723005, -7.597463541263053 ], [ 110.650393273148822, -7.597459751839322 ], [ 110.65037947020096, -7.597453651255972 ], [ 110.650375033247954, -7.597451690224636 ], [ 110.650355771131856, -7.597446511511437 ], [ 110.650335941796399, -7.597444338181028 ], [ 110.65029328725646, -7.597442952431387 ], [ 110.650276582359425, -7.597443625538698 ], [ 110.650268772960459, -7.597443940367785 ], [ 110.65024459591703, -7.597444915006061 ], [ 110.650196706631007, -7.597453917477481 ], [ 110.650150637622176, -7.597469768900076 ], [ 110.65010736643724, -7.59749213266246 ], [ 110.650039880041263, -7.597533496107051 ], [ 110.650017289941232, -7.597547342036314 ], [ 110.650007231289877, -7.59755669608701 ], [ 110.649978803597762, -7.597583134158941 ], [ 110.649973993372001, -7.597587606930742 ], [ 110.649957612108963, -7.597602842735951 ], [ 110.649951323068962, -7.597608691050054 ], [ 110.649948365442043, -7.597611441230599 ], [ 110.649928794612208, -7.597613574681611 ], [ 110.649918982468435, -7.597612943533297 ], [ 110.649909148568611, -7.597612310558132 ], [ 110.649893970206719, -7.597608644820514 ], [ 110.649890015639443, -7.597607689134957 ], [ 110.649874134589709, -7.597600789041945 ], [ 110.649855515574004, -7.597590705416992 ], [ 110.64985110020865, -7.597587836223397 ], [ 110.649821999388095, -7.597568930151185 ], [ 110.649784399424661, -7.597536721152991 ], [ 110.649735305652001, -7.597494924537413 ], [ 110.649668966755286, -7.59742125825303 ], [ 110.649648766381489, -7.597398146831154 ], [ 110.649623342696032, -7.597369061124172 ], [ 110.649524526381725, -7.597256007762292 ], [ 110.649518186599238, -7.597249521501722 ], [ 110.649502309033863, -7.597234991467635 ], [ 110.649448564293067, -7.597185808985969 ], [ 110.649422378593044, -7.597161846059008 ], [ 110.649380111513238, -7.597123166589257 ], [ 110.649362191171861, -7.597106767897517 ], [ 110.649352223507961, -7.597095586773289 ], [ 110.649298454290374, -7.59703526826411 ], [ 110.649289232959532, -7.59702492355103 ], [ 110.649271429750542, -7.59700495195371 ], [ 110.649262753492721, -7.596996562426026 ], [ 110.649254494840434, -7.596989685653273 ], [ 110.649228100136796, -7.596969712543696 ], [ 110.649207777042193, -7.596957126418701 ], [ 110.649201035599887, -7.596952950970341 ], [ 110.649165986029075, -7.596936224555305 ], [ 110.64913710301839, -7.596924942214842 ], [ 110.649135962017382, -7.596924496251557 ], [ 110.649128822356388, -7.596922849619315 ], [ 110.64912233620511, -7.596921353671197 ], [ 110.649104548235726, -7.596917249803083 ], [ 110.649072412696398, -7.596914637714749 ], [ 110.649040237993646, -7.596916717524941 ], [ 110.649008707712667, -7.596923442749039 ], [ 110.648925443812686, -7.596947654646566 ], [ 110.648864308408292, -7.596981661764232 ], [ 110.648849998190983, -7.59698962204804 ], [ 110.648755926956454, -7.597041950536536 ], [ 110.648704435371883, -7.597070593270566 ], [ 110.648700371225004, -7.597072854087295 ], [ 110.648699125950742, -7.597073546874586 ], [ 110.64862008776521, -7.597117512206113 ], [ 110.64859715002703, -7.597132971507439 ], [ 110.648577184645575, -7.597152101187233 ], [ 110.648572217553848, -7.597158831588095 ], [ 110.648570501351912, -7.597161157622192 ], [ 110.648560772276042, -7.597174341795488 ], [ 110.648548393018288, -7.597199044249891 ], [ 110.648543759794066, -7.597214386294076 ], [ 110.64854040736347, -7.597225488815877 ], [ 110.64852896589376, -7.597279808097765 ], [ 110.648524020478504, -7.597296673161336 ], [ 110.648522453954953, -7.597299996137077 ], [ 110.6485165265902, -7.597312572810288 ], [ 110.648490712532094, -7.597357870176548 ], [ 110.648485079255806, -7.597365538966192 ], [ 110.648439260665299, -7.597427911724099 ], [ 110.648361913548726, -7.597489199715796 ], [ 110.648294070843349, -7.597535982692786 ], [ 110.648238352804512, -7.597556779443761 ], [ 110.648242814021131, -7.597612481092783 ], [ 110.648242858891606, -7.597613043762931 ], [ 110.648245012765742, -7.597639939766425 ], [ 110.648246477406687, -7.59765822112483 ], [ 110.64824696202453, -7.597664277519767 ], [ 110.648261338261136, -7.597843774782053 ], [ 110.648265555941649, -7.597936965556145 ], [ 110.648273038430233, -7.598102265654273 ], [ 110.648275117890691, -7.598148202500315 ], [ 110.648276418101617, -7.59817693586953 ], [ 110.648277331547462, -7.598344550831769 ], [ 110.648278088082918, -7.598483281384603 ], [ 110.648278021958546, -7.598564561111854 ], [ 110.648277805679754, -7.598830403601018 ], [ 110.648277804586897, -7.598831746865715 ], [ 110.6482777397907, -7.598911390251097 ], [ 110.648277669065081, -7.598998320734041 ], [ 110.64837587162441, -7.598970994933951 ], [ 110.648430441616128, -7.599122500682356 ], [ 110.648540694275397, -7.599428601215252 ], [ 110.648555059965346, -7.599468486573976 ], [ 110.648564256288239, -7.599494018777246 ], [ 110.64869303425543, -7.599450601182521 ], [ 110.648727190414391, -7.599439085777397 ], [ 110.648752453420954, -7.599430568110562 ], [ 110.648893844262304, -7.599382899294 ], [ 110.648899984316728, -7.599380829207435 ], [ 110.648921022668034, -7.599373478609834 ], [ 110.648941721105061, -7.599366067131108 ], [ 110.648983564137623, -7.599351085329502 ], [ 110.648996104623521, -7.599346706561306 ], [ 110.649011807980429, -7.599341389611157 ], [ 110.64901266764366, -7.599341098134482 ], [ 110.649029297952808, -7.599335239199339 ], [ 110.649108157154416, -7.599306738863644 ], [ 110.649145406270719, -7.599293274796648 ], [ 110.649152622740161, -7.59929639410946 ], [ 110.649186981400234, -7.599311246638582 ], [ 110.64919721658876, -7.599315671854801 ], [ 110.649232170658451, -7.599330781755396 ], [ 110.64926197803635, -7.599343788926084 ], [ 110.649263527719313, -7.599344464976642 ], [ 110.649271285195582, -7.59934785066401 ], [ 110.649296049381817, -7.599358567945768 ], [ 110.649372734519332, -7.599391667880536 ], [ 110.649375083521676, -7.599392681975562 ], [ 110.649455185239432, -7.599427255463313 ], [ 110.649495614915892, -7.5994447062322 ], [ 110.649609037704494, -7.599493661893407 ], [ 110.649610635425688, -7.59949435154987 ], [ 110.649665960265111, -7.59951823124381 ], [ 110.64968063519639, -7.599524565026208 ], [ 110.649702053545951, -7.599533809682588 ], [ 110.649715147974987, -7.59953946196262 ], [ 110.649845241317877, -7.599595613187732 ], [ 110.649872315706304, -7.599607159065067 ], [ 110.649873182992351, -7.599607529727871 ], [ 110.64988560338773, -7.599612627871084 ], [ 110.649890142907708, -7.59961445873477 ], [ 110.6499022053966, -7.599619325022582 ], [ 110.649968315371396, -7.599645872770237 ], [ 110.650056911833047, -7.599681448915067 ], [ 110.650131643216767, -7.599711458086799 ], [ 110.650187435286796, -7.599733860952957 ], [ 110.650325411976667, -7.599789266704276 ], [ 110.650339079506807, -7.599794754798451 ], [ 110.650348236507341, -7.599798431956818 ], [ 110.650437730247077, -7.599834367857857 ], [ 110.650438583957509, -7.599834711371953 ], [ 110.650463237356348, -7.599844610781561 ], [ 110.650516629645026, -7.599866051036265 ], [ 110.650573022461757, -7.599888887620456 ], [ 110.65061658608758, -7.59990652805389 ], [ 110.650681748011948, -7.599932915731684 ], [ 110.65072064615336, -7.599948667306434 ], [ 110.650726494332886, -7.599951035616212 ], [ 110.650743717145119, -7.599958010030138 ], [ 110.650787887988002, -7.599975896974691 ], [ 110.650809656668386, -7.599984712195892 ], [ 110.650903054468159, -7.600022533525384 ], [ 110.650906483806494, -7.600023922062729 ], [ 110.650916273370839, -7.600027886462411 ], [ 110.650939450404977, -7.600037272680026 ], [ 110.650953526598698, -7.600043027928128 ], [ 110.650960384347613, -7.600045832137999 ], [ 110.650964672786685, -7.600047626606701 ], [ 110.6509788986979, -7.600063322141942 ], [ 110.650988943237451, -7.600074864211953 ], [ 110.650996886210706, -7.600087699916812 ], [ 110.650996991235431, -7.600087870057807 ], [ 110.651002834454673, -7.600102000303711 ], [ 110.651004239321907, -7.600108005876733 ], [ 110.65100631726375, -7.600116884861153 ], [ 110.651007351131994, -7.60013213560441 ], [ 110.651007291699571, -7.600132761509494 ], [ 110.651005908278975, -7.600147351792784 ], [ 110.651003938590023, -7.600154855311935 ], [ 110.651003715796165, -7.600155702701954 ], [ 110.650992430594755, -7.600180673853148 ], [ 110.650986047817426, -7.600194796080216 ], [ 110.650980627724152, -7.600206787946787 ], [ 110.650975358913755, -7.600218921045602 ], [ 110.650972060561145, -7.600227090154301 ], [ 110.650970441532081, -7.600231450622495 ], [ 110.650968996728707, -7.600235607705603 ], [ 110.650966287477345, -7.600243986240283 ], [ 110.65096246513113, -7.600256640621539 ], [ 110.650954246063804, -7.600284832647155 ], [ 110.650941864279517, -7.600327302458055 ], [ 110.650930795214549, -7.600365272252568 ], [ 110.650924276138284, -7.600387633970699 ], [ 110.650919277057852, -7.600404782144678 ], [ 110.650902699817536, -7.600461645495987 ], [ 110.650898337097985, -7.600476610582787 ], [ 110.650895795283574, -7.600485330269096 ], [ 110.650895434375784, -7.600486567411662 ], [ 110.650894675287049, -7.60048917011382 ], [ 110.650890900095462, -7.600501802822688 ], [ 110.650889959404793, -7.600504761773919 ], [ 110.650888240715929, -7.600510164210169 ], [ 110.650886715085704, -7.600514494902677 ], [ 110.650884334243273, -7.600520339134414 ], [ 110.650882783960355, -7.600523764346335 ], [ 110.650880178758939, -7.600529025863494 ], [ 110.650877549446122, -7.6005338341786 ], [ 110.650874891364126, -7.600538343967033 ], [ 110.650870125821413, -7.600545828954867 ], [ 110.650866714915523, -7.600550796747804 ], [ 110.650865727400955, -7.60055223962526 ], [ 110.650864500410833, -7.600553856889412 ], [ 110.650861643618185, -7.600557456534468 ], [ 110.650860807816485, -7.600558508765657 ], [ 110.650850882909452, -7.600570568467179 ], [ 110.650850226830016, -7.600571346762338 ], [ 110.650840480913516, -7.600582915433573 ], [ 110.650824583684894, -7.60060149941721 ], [ 110.650812385131076, -7.600615759883227 ], [ 110.650804032006093, -7.60062583444249 ], [ 110.650798812030828, -7.600632492299599 ], [ 110.65079635710282, -7.600635776577366 ], [ 110.650792081399146, -7.600641776677083 ], [ 110.650788474282081, -7.600647227344435 ], [ 110.650786334677477, -7.600650713591746 ], [ 110.650784282969198, -7.600654250564889 ], [ 110.650782311002558, -7.60065783282999 ], [ 110.650779330034538, -7.600663644014232 ], [ 110.650777926093241, -7.600666592642408 ], [ 110.65077625770482, -7.600670327117097 ], [ 110.650774675408385, -7.600674101461481 ], [ 110.650771999103625, -7.600680965794077 ], [ 110.650771421226764, -7.600682571820858 ], [ 110.650769782091388, -7.600687127655982 ], [ 110.650768337184246, -7.600691408662306 ], [ 110.650765587846649, -7.600700022347589 ], [ 110.650761633773428, -7.600713003165161 ], [ 110.650749661098416, -7.600752884457937 ], [ 110.650742131700099, -7.600777967168753 ], [ 110.650733942504814, -7.600805061081341 ], [ 110.650731478200996, -7.600813214576583 ], [ 110.650719600272737, -7.600852515219303 ], [ 110.650714219889011, -7.600870317981785 ], [ 110.650704203595353, -7.600903457381007 ], [ 110.650705169765317, -7.600903748520881 ], [ 110.650704949865599, -7.600904378819543 ], [ 110.650696909882285, -7.600927440340064 ], [ 110.650681421460021, -7.600971869622843 ], [ 110.650680012658796, -7.600974099124613 ], [ 110.650666121631161, -7.60099607318253 ], [ 110.650640592564486, -7.601036456445341 ], [ 110.650594979625922, -7.601084285225099 ], [ 110.650584650652561, -7.601102720809913 ], [ 110.650410016692661, -7.601414413248748 ], [ 110.650403686809852, -7.601425858926103 ], [ 110.650227452260168, -7.60174454310865 ], [ 110.650202830413789, -7.601794099269487 ], [ 110.650185214190273, -7.601829554523453 ], [ 110.65013261703119, -7.60193541574034 ], [ 110.650125782113719, -7.60194917214617 ], [ 110.650114532238689, -7.601971815874005 ], [ 110.649946370823002, -7.602287597370683 ], [ 110.649863829662749, -7.602438990548446 ], [ 110.649846750703119, -7.602470315111601 ], [ 110.649838771864225, -7.602484950721832 ], [ 110.649825808520589, -7.602508728275721 ], [ 110.649785422223474, -7.602582802340767 ], [ 110.649712548225054, -7.602787298906688 ], [ 110.649706027806985, -7.602805595524176 ], [ 110.64970568252096, -7.602806566738541 ], [ 110.649697475661725, -7.602829595535867 ], [ 110.649696194403049, -7.602819861480022 ], [ 110.649692372373423, -7.602807446983412 ], [ 110.649686528931625, -7.602795841337318 ], [ 110.649682145938044, -7.602789882203449 ], [ 110.649678827903145, -7.602785371218566 ], [ 110.649675464428924, -7.602782114816073 ], [ 110.649669076274122, -7.602775929733718 ], [ 110.649647600144306, -7.602758368536165 ], [ 110.649646002005554, -7.602757061067338 ], [ 110.649610376367022, -7.602727930030489 ], [ 110.649591091793567, -7.60271216162026 ], [ 110.649590643336239, -7.602711794913103 ], [ 110.649542743565533, -7.602672626959 ], [ 110.649534700553318, -7.602663534200405 ], [ 110.649523358819152, -7.602650712912205 ], [ 110.649512934604758, -7.602638928985697 ], [ 110.649489391588617, -7.602612314220761 ], [ 110.649476187814585, -7.602602768633722 ], [ 110.64946826083947, -7.602597037297478 ], [ 110.649458052447372, -7.602589656017656 ], [ 110.649427121027898, -7.602567293931554 ], [ 110.649418214621221, -7.602560854440615 ], [ 110.649399471074588, -7.602552052444453 ], [ 110.649373743218021, -7.602539970313032 ], [ 110.649369576375065, -7.602538013106162 ], [ 110.649322328342535, -7.60251911132608 ], [ 110.649279559152319, -7.602502001467129 ], [ 110.649243243588032, -7.602487473899211 ], [ 110.649161679263273, -7.6024548439655 ], [ 110.649104931621054, -7.602432141680946 ], [ 110.649084114365792, -7.602423813791606 ], [ 110.649081832352266, -7.602422901058818 ], [ 110.649031855578528, -7.602400623953123 ], [ 110.64895945555827, -7.602368351455989 ], [ 110.648904435537943, -7.602343826054151 ], [ 110.648897313731666, -7.602341296582471 ], [ 110.64889314106766, -7.602339814258315 ], [ 110.64888233238149, -7.602335974720774 ], [ 110.648859273548723, -7.602331652190126 ], [ 110.648820911586938, -7.602327519897583 ], [ 110.64877295709654, -7.60232235407323 ], [ 110.648761839842408, -7.602321156490705 ], [ 110.648731275552024, -7.602317864500752 ], [ 110.648704766920744, -7.602315009073384 ], [ 110.648693644228359, -7.602313810580155 ], [ 110.648681345290044, -7.602313127635993 ], [ 110.648669041688521, -7.602313720111475 ], [ 110.648650446331345, -7.602315587440146 ], [ 110.648644303789197, -7.602316203897717 ], [ 110.648566725517483, -7.602323993541378 ], [ 110.648515827184909, -7.602329104677696 ], [ 110.648502894418456, -7.602328584939838 ], [ 110.648412304316508, -7.602324944001021 ], [ 110.648410622676025, -7.602324876606272 ], [ 110.648361099955736, -7.602322885361835 ], [ 110.648348211521011, -7.60232136340744 ], [ 110.64833503473784, -7.602317684757974 ], [ 110.648322583924596, -7.602312019387223 ], [ 110.648322315722353, -7.602311842781512 ], [ 110.648311748912022, -7.602304889944898 ], [ 110.64829746940282, -7.602293822893508 ], [ 110.648270934397559, -7.602273256215712 ], [ 110.648230224079555, -7.602241703072834 ], [ 110.648224195908867, -7.602237690100581 ], [ 110.648218245644017, -7.60223486396858 ], [ 110.648211949256051, -7.602232920402492 ], [ 110.648205438165675, -7.602231899309186 ], [ 110.64819819289518, -7.602231813836 ], [ 110.648130575467817, -7.602235890132707 ], [ 110.648105489331613, -7.602237402113099 ], [ 110.648098536474052, -7.602237820712904 ], [ 110.648062266223903, -7.602240088877465 ], [ 110.64798146550514, -7.602245142236241 ], [ 110.647976691243002, -7.602245440485881 ], [ 110.647947413754494, -7.602247271079664 ], [ 110.647882066372446, -7.602250251047905 ], [ 110.647857371376531, -7.602253487414504 ], [ 110.647834318640591, -7.602260615606487 ], [ 110.647812116525543, -7.602271880116352 ], [ 110.647775710081248, -7.60229441924092 ], [ 110.647762085755161, -7.602301496283682 ], [ 110.647746900949372, -7.60230667430161 ], [ 110.647731785231002, -7.602309397410754 ], [ 110.647615135555739, -7.602321462666349 ], [ 110.647613024115543, -7.602321498038942 ], [ 110.647594875160138, -7.602321799898589 ], [ 110.647574859665156, -7.602318648457214 ], [ 110.647482540096277, -7.602295799488671 ], [ 110.647381313433982, -7.602270745194501 ], [ 110.647374351505192, -7.602267836819316 ], [ 110.647210339292883, -7.602199320940763 ], [ 110.647200817392516, -7.602196178915949 ], [ 110.647191616012705, -7.602194645451474 ], [ 110.647182288360426, -7.602194539273049 ], [ 110.647180960980535, -7.602194729959917 ], [ 110.647172360215038, -7.602195961305484 ], [ 110.647004694214715, -7.602233314293753 ], [ 110.646977463935755, -7.602239380712045 ], [ 110.646977194633962, -7.602239441098282 ], [ 110.646973576466578, -7.602232820426104 ], [ 110.646972679297562, -7.602231295520069 ], [ 110.646967796922553, -7.602222998582524 ], [ 110.646966783875499, -7.602221273675409 ], [ 110.646960809308382, -7.602211586451911 ], [ 110.646960316788764, -7.602210782805848 ], [ 110.646953433754391, -7.602200084454659 ], [ 110.646949303002046, -7.602193918356908 ], [ 110.64694591020762, -7.602188853703622 ], [ 110.646930605629976, -7.602166414605635 ], [ 110.646908664726027, -7.60213424432605 ], [ 110.646899023901909, -7.602120211347529 ], [ 110.646894614901868, -7.602113960899266 ], [ 110.646891666513184, -7.602109781262592 ], [ 110.646889159018826, -7.602106344624792 ], [ 110.64688379065818, -7.602099236781749 ], [ 110.646878823261289, -7.602092922560178 ], [ 110.646874379321233, -7.602087272708266 ], [ 110.646870016887846, -7.602081726946538 ], [ 110.646804584004656, -7.601999676640697 ], [ 110.646720333657939, -7.601894028339998 ], [ 110.646712007109755, -7.601883648118616 ], [ 110.64670763185164, -7.601878269687752 ], [ 110.646703604358848, -7.6018733302494 ], [ 110.646697568814702, -7.6018661630651 ], [ 110.64669612966712, -7.60186445409262 ], [ 110.646688559720516, -7.601855657459087 ], [ 110.646680771354568, -7.601846781951283 ], [ 110.646675598593717, -7.601841060044396 ], [ 110.646675493525947, -7.601840944175741 ], [ 110.646671194629945, -7.601836418802685 ], [ 110.646671386065407, -7.601836237142842 ], [ 110.646669592281782, -7.601834731406632 ], [ 110.64666736402971, -7.60183238588912 ], [ 110.646664499806761, -7.60182949802503 ], [ 110.646661820371548, -7.601826797554387 ], [ 110.646653447646685, -7.60181856651869 ], [ 110.646647867536657, -7.601813209720368 ], [ 110.646645413516453, -7.601810902914883 ], [ 110.646642227540468, -7.601807917096702 ], [ 110.646636429742401, -7.601802695804423 ], [ 110.646630480492874, -7.601797540421315 ], [ 110.646621440017796, -7.601789937507619 ], [ 110.646616073098457, -7.601785511670275 ], [ 110.646612483676734, -7.601782551755599 ], [ 110.646610736050306, -7.601781141939647 ], [ 110.646603447478469, -7.601775262725855 ], [ 110.646596375306871, -7.601769714755499 ], [ 110.646592311881903, -7.601766590730175 ], [ 110.646582121156513, -7.601758756217511 ], [ 110.646544687651499, -7.601730184293269 ], [ 110.646442334216104, -7.601652061303421 ], [ 110.646435081520167, -7.60164666062615 ], [ 110.646427744413288, -7.601641381994966 ], [ 110.646420399846804, -7.601636356633216 ], [ 110.646412973593527, -7.601631447892515 ], [ 110.646398019435239, -7.60162177234312 ], [ 110.646396000652629, -7.60162047537494 ], [ 110.646356602686438, -7.601595157330943 ], [ 110.646248580647466, -7.601525739646124 ], [ 110.6462219414381, -7.601508613693634 ], [ 110.646016940081665, -7.601376854532848 ], [ 110.646016080189128, -7.601376312002858 ], [ 110.645993756516148, -7.601362219817473 ], [ 110.645993653220359, -7.601362154605221 ], [ 110.645990306975477, -7.601360047879965 ], [ 110.645962559316189, -7.601342596272938 ], [ 110.645962536663788, -7.601342581781562 ], [ 110.645958910430934, -7.601340301153037 ], [ 110.645927267428618, -7.601320399543944 ], [ 110.645803695561369, -7.601242680627366 ], [ 110.645616996358726, -7.601125258048953 ], [ 110.64559037238412, -7.601108409770628 ], [ 110.645564130279752, -7.601091315763425 ], [ 110.645511287439618, -7.601056683314829 ], [ 110.64535083173169, -7.600951521598486 ], [ 110.645289952870854, -7.600911621664076 ], [ 110.64527191456348, -7.600899792524687 ], [ 110.645271374537785, -7.60089943840219 ], [ 110.645141075222412, -7.60081402599144 ], [ 110.645133954288994, -7.600809389750756 ], [ 110.645118557163585, -7.600799363734401 ], [ 110.645107167471664, -7.600792174966156 ], [ 110.645091264181303, -7.600782513975572 ], [ 110.645087878015573, -7.600780456961627 ], [ 110.644916120337825, -7.600677459499996 ], [ 110.644875596657926, -7.600653158937133 ], [ 110.644809451428543, -7.600613488910728 ], [ 110.644789765890749, -7.60060168192309 ], [ 110.644495589310381, -7.600425267183931 ], [ 110.644486953073169, -7.600420062536007 ], [ 110.644480127265851, -7.600415948455323 ], [ 110.644468587921921, -7.60040886809526 ], [ 110.64445730608125, -7.600401742717995 ], [ 110.644455493900324, -7.600400577070984 ], [ 110.64445041799506, -7.600397295709427 ], [ 110.64444235288795, -7.600392103287636 ], [ 110.644309320235536, -7.600306018125472 ], [ 110.644309250467686, -7.600305971935992 ], [ 110.644307706495042, -7.600304972946327 ], [ 110.644278040293571, -7.600285779300304 ], [ 110.644264460764248, -7.60027699489002 ], [ 110.644265990542408, -7.600271007081404 ], [ 110.644269830197459, -7.600258485751794 ], [ 110.644272482682595, -7.60024984037439 ], [ 110.644379019288223, -7.599902524958088 ], [ 110.644434397779392, -7.599721988461408 ], [ 110.644493220395361, -7.599524768437495 ], [ 110.644797580699901, -7.59854275968099 ], [ 110.644810499058494, -7.598501080182637 ], [ 110.644810300924448, -7.598497278173251 ], [ 110.64481041276882, -7.598493557827357 ], [ 110.64481076215489, -7.598489811443663 ], [ 110.644811274739027, -7.598486045293246 ], [ 110.644814594085048, -7.598466789114044 ], [ 110.644815392374653, -7.598462855854486 ], [ 110.644816349549487, -7.598458635076177 ], [ 110.644818476915887, -7.598450225353261 ], [ 110.644821933092175, -7.59843766390215 ], [ 110.644836137480226, -7.59838762012378 ], [ 110.644852047246914, -7.598330793571998 ], [ 110.644852375479857, -7.598329621536328 ], [ 110.644855958419342, -7.598317247431478 ], [ 110.644858491751378, -7.598309049706257 ], [ 110.64486126706332, -7.598300940825336 ], [ 110.644862702540209, -7.598297162765711 ], [ 110.64486577378382, -7.598289680983834 ], [ 110.644870670211802, -7.5982785616671 ], [ 110.64488306535543, -7.598251365482704 ], [ 110.644886631188044, -7.598243260866187 ], [ 110.644888347038176, -7.598239184532382 ], [ 110.644889994009418, -7.598235083719216 ], [ 110.644892284553634, -7.598228883054071 ], [ 110.644893651377714, -7.598224804625713 ], [ 110.644894901283152, -7.598220691728603 ], [ 110.644896019767884, -7.598216540732721 ], [ 110.644897020425176, -7.598212357981041 ], [ 110.644898362017258, -7.598205886982312 ], [ 110.64489912796266, -7.598201596396565 ], [ 110.644900470414058, -7.598192975269701 ], [ 110.644902242533902, -7.598179991822223 ], [ 110.644915908189034, -7.598073912184994 ], [ 110.644917315081685, -7.598062990825659 ], [ 110.644920173133102, -7.598041337195222 ], [ 110.644921409534717, -7.598032692463025 ], [ 110.644922790059226, -7.598024073176255 ], [ 110.64492418143594, -7.598016590020225 ], [ 110.64492546748356, -7.598010414765605 ], [ 110.64492719426373, -7.598002962638708 ], [ 110.644928282097382, -7.597998600856116 ], [ 110.644929055977059, -7.597995687010514 ], [ 110.644932901726534, -7.597981212741195 ], [ 110.644943499427242, -7.597942625824074 ], [ 110.644953157837477, -7.59790745735911 ], [ 110.645006597876559, -7.597712184858175 ], [ 110.645007187935803, -7.597709011254529 ], [ 110.645021803763441, -7.597630368465252 ], [ 110.645023780645232, -7.597619733410638 ], [ 110.64503374610203, -7.597566113162017 ], [ 110.645040088331754, -7.597531991268056 ], [ 110.645018490897129, -7.597543475041884 ], [ 110.644981085001504, -7.597559128558134 ], [ 110.644959099694375, -7.597566025914419 ], [ 110.644947888049415, -7.597569542707076 ], [ 110.644941788928634, -7.597571456283582 ], [ 110.644899871210924, -7.597582509152062 ], [ 110.644877126033236, -7.597588506754472 ], [ 110.644684939958196, -7.597639183786296 ], [ 110.644589672181581, -7.597649815774479 ], [ 110.64454586389067, -7.597654704323219 ], [ 110.644514585650796, -7.597656865938294 ], [ 110.644483237966199, -7.597656383478135 ], [ 110.644453605601242, -7.597654676747026 ], [ 110.644314091087892, -7.597646639507968 ], [ 110.644305886164986, -7.597646166942167 ], [ 110.644244525562797, -7.597642632335755 ], [ 110.644219769385046, -7.597640095582712 ], [ 110.644195338656587, -7.597635364643019 ], [ 110.644173427710669, -7.597630098460352 ], [ 110.644009547012672, -7.597590712781692 ], [ 110.643980457280023, -7.597581793537061 ], [ 110.643952689486781, -7.597569367507639 ], [ 110.643931744201339, -7.597558398881684 ], [ 110.643861263877511, -7.59752148859391 ], [ 110.643811607701608, -7.597491836341253 ], [ 110.643803702885506, -7.597485824513836 ], [ 110.643766190119592, -7.597457294818663 ], [ 110.643742380725428, -7.597434568230506 ], [ 110.643724924974151, -7.597417905566298 ], [ 110.643714290577918, -7.597405195073282 ], [ 110.643688328599183, -7.59737416289628 ], [ 110.643656860170694, -7.597326614442627 ], [ 110.643630913551846, -7.597275855727042 ], [ 110.643610545012947, -7.597221808100393 ], [ 110.643581992494831, -7.59713089854464 ], [ 110.643575397957761, -7.597086045267509 ], [ 110.643573877113852, -7.597075699521873 ], [ 110.643564778595959, -7.597034213659267 ], [ 110.643549656237184, -7.596993504388974 ], [ 110.643529005419865, -7.596955288963532 ], [ 110.643513184562508, -7.596933821729714 ], [ 110.643503228046441, -7.596920310352195 ], [ 110.643472825791321, -7.596889250096222 ], [ 110.643438390143558, -7.596862710209697 ], [ 110.643401414304307, -7.596841676978574 ], [ 110.643356909738998, -7.596820316445532 ], [ 110.643326632280761, -7.596808336977587 ], [ 110.643324839685306, -7.596807628143133 ], [ 110.643290357254415, -7.596799356611249 ], [ 110.643255050310074, -7.596796025986519 ], [ 110.643219625916927, -7.59679770016838 ], [ 110.643185739632116, -7.596804166137083 ], [ 110.64317056136538, -7.596808191604132 ], [ 110.643119313971894, -7.596821782057134 ], [ 110.643112886810243, -7.596823537041393 ], [ 110.643024905058823, -7.596847557578867 ], [ 110.643017596145739, -7.596848907500678 ], [ 110.643000340727482, -7.596852094540584 ], [ 110.64297981772107, -7.596852396075501 ], [ 110.642997064078926, -7.59677013911593 ], [ 110.643000393394047, -7.596754257857067 ], [ 110.643000605457004, -7.596753247642805 ], [ 110.643005217168678, -7.596731248119692 ], [ 110.643017958298657, -7.596670476077099 ], [ 110.643032749979341, -7.596599926568931 ], [ 110.643043759770237, -7.596559776968609 ], [ 110.643059571178213, -7.596521255895317 ], [ 110.643088192129042, -7.596462069015731 ], [ 110.643092026356385, -7.596455019346489 ], [ 110.64313503542428, -7.59637594768084 ], [ 110.643147496697679, -7.596357656949986 ], [ 110.643166543047542, -7.596329700120084 ], [ 110.643171770263706, -7.596322028355496 ], [ 110.643173809776542, -7.59631903504739 ], [ 110.643174011277054, -7.59631873942324 ], [ 110.643195962136701, -7.596286519093658 ], [ 110.643209178016065, -7.596263405890237 ], [ 110.643253020732161, -7.596170467153363 ], [ 110.643257683168244, -7.596160584189854 ], [ 110.643262770618179, -7.596149799733361 ], [ 110.643266257001187, -7.596142409663686 ], [ 110.643280712912642, -7.596111766146039 ], [ 110.643315209841873, -7.596038639443892 ], [ 110.643338849209016, -7.5959882036467 ], [ 110.643355659472292, -7.595943238420908 ], [ 110.64336532351318, -7.595894736846839 ], [ 110.643365541610478, -7.59588860594796 ], [ 110.643367082198552, -7.595845315181234 ], [ 110.64336614459161, -7.595837890723602 ], [ 110.643361639404418, -7.595802205019779 ], [ 110.643360888242611, -7.595796251522617 ], [ 110.643346901972819, -7.595748810571069 ], [ 110.643326116701303, -7.595705530420083 ], [ 110.643304721303181, -7.595668864782414 ], [ 110.643279586517139, -7.595607814681266 ], [ 110.643267582678249, -7.595568345394813 ], [ 110.64326251411677, -7.595546346962913 ], [ 110.643260620612438, -7.59552510191946 ], [ 110.6432616580624, -7.595503799582106 ], [ 110.643265839281355, -7.595481615170874 ], [ 110.643279734562157, -7.595428316595492 ], [ 110.643297767818154, -7.595374481397244 ], [ 110.64330859884285, -7.595334469131054 ], [ 110.643316115114899, -7.595296005455866 ], [ 110.64331620268139, -7.595294255212642 ], [ 110.643318142887381, -7.595255573484064 ], [ 110.643314393058105, -7.595215264310993 ], [ 110.643311571565746, -7.595203512721395 ], [ 110.643304942012577, -7.595175894813134 ], [ 110.643290458954411, -7.595139467321104 ], [ 110.643273002161393, -7.595103312371902 ], [ 110.643269924213257, -7.595096937250128 ], [ 110.643273272511252, -7.595092083440245 ], [ 110.643293602821984, -7.595062613428364 ], [ 110.643322665567084, -7.595020485901095 ], [ 110.643465573050349, -7.594813330604227 ], [ 110.643471108219941, -7.594796065369768 ], [ 110.643476657934229, -7.59477875130112 ], [ 110.643503924357617, -7.59448630368891 ], [ 110.643482190027072, -7.594483639125327 ], [ 110.643418049089135, -7.594462974379342 ], [ 110.64340941977791, -7.594457223368644 ], [ 110.643408966510194, -7.594456110393148 ], [ 110.643401114399651, -7.594436822440002 ], [ 110.643409245923181, -7.59437119726768 ], [ 110.643411707283832, -7.594351331626839 ], [ 110.643413482346631, -7.594337005826302 ], [ 110.643441115329836, -7.59428834983972 ], [ 110.643484754133624, -7.594211508365372 ], [ 110.643522023276702, -7.594145883577853 ], [ 110.643546078304098, -7.594103527591768 ], [ 110.643550249041255, -7.594094025941969 ], [ 110.6435699919233, -7.594049045014261 ], [ 110.643576111131139, -7.594033699723514 ], [ 110.643591107549241, -7.593996092457336 ], [ 110.643592029609678, -7.593993779360158 ], [ 110.643597210632322, -7.593983811787707 ], [ 110.643600734136655, -7.593973148156871 ], [ 110.643602511055235, -7.593962061570439 ], [ 110.643602495828674, -7.5939508333079 ], [ 110.643602357823923, -7.593949985625994 ], [ 110.643601269109482, -7.59394331092098 ], [ 110.643600689126657, -7.593939751018531 ], [ 110.643597137857739, -7.593929096962153 ], [ 110.643591930639374, -7.593919144387277 ], [ 110.64358520143476, -7.593910144870253 ], [ 110.643577122300158, -7.593902328309153 ], [ 110.64356789885754, -7.593895896588638 ], [ 110.643557766677873, -7.593891011817336 ], [ 110.643504780750177, -7.593892646299579 ], [ 110.643457004624082, -7.593898894666202 ], [ 110.643452220211586, -7.593899520311082 ], [ 110.643400601852804, -7.593911566434274 ], [ 110.643350437067767, -7.593928665687772 ], [ 110.643326932865108, -7.593932966552853 ], [ 110.643277567963935, -7.593941998722168 ], [ 110.64313128115522, -7.593908372049649 ], [ 110.643095919122459, -7.593895182624938 ], [ 110.642989806756631, -7.593855603457848 ], [ 110.642960433436883, -7.593828140531835 ], [ 110.642915507465673, -7.59378613585043 ], [ 110.642893352632015, -7.593772369302007 ], [ 110.642826804779915, -7.593731017117569 ], [ 110.64280061382081, -7.593684487859737 ], [ 110.642780163820873, -7.593648157662177 ], [ 110.642744569465876, -7.593617738947851 ], [ 110.642727999353767, -7.593603578073983 ], [ 110.642718745663174, -7.593552565286494 ], [ 110.642759844063519, -7.593489237666658 ], [ 110.642797888122061, -7.593381068707529 ], [ 110.642807235712837, -7.593316161858827 ], [ 110.642811943961604, -7.593241975882449 ], [ 110.642806024146054, -7.593222227280038 ], [ 110.64279804125583, -7.593195596026714 ], [ 110.642781185090683, -7.593178749294366 ], [ 110.642760895918201, -7.593158471473266 ], [ 110.642682240469838, -7.593138782470504 ], [ 110.642667973345084, -7.593135211312567 ], [ 110.642621514884937, -7.593121261946605 ], [ 110.642590894102241, -7.593095037213414 ], [ 110.642556605279736, -7.593065671557556 ], [ 110.642505529232722, -7.593045765500734 ], [ 110.642472882036088, -7.593033041394791 ], [ 110.64242563238669, -7.593012251107858 ], [ 110.642366446859114, -7.592986208188941 ], [ 110.642356747537775, -7.592981940654155 ], [ 110.642374658189823, -7.592930560351924 ], [ 110.642390245269624, -7.592885845616156 ], [ 110.642391921837984, -7.592881034759796 ], [ 110.642416940255885, -7.592792981477157 ], [ 110.64243610107296, -7.592763487923819 ], [ 110.642442052806956, -7.592758847022935 ], [ 110.642458404598017, -7.592744243761557 ], [ 110.642461935988024, -7.592740512661171 ], [ 110.642464791532689, -7.592736244603274 ], [ 110.642466893168262, -7.592731560734011 ], [ 110.642467285143894, -7.592730046830289 ], [ 110.642467432476366, -7.592729477081478 ], [ 110.642468179141574, -7.592726591258654 ], [ 110.642468334764715, -7.59272476508879 ], [ 110.642468614886241, -7.592721478164024 ], [ 110.642468641795091, -7.592688914182564 ], [ 110.642468726344873, -7.592586594534335 ], [ 110.642468757858282, -7.59254845758905 ], [ 110.64247105287599, -7.592530260721749 ], [ 110.642478497317256, -7.592471225593264 ], [ 110.642480873429278, -7.592460210059967 ], [ 110.642485120190756, -7.592449770458335 ], [ 110.642491110426349, -7.592440218755428 ], [ 110.642498663493697, -7.592431843355851 ], [ 110.642501973642311, -7.592429257240428 ], [ 110.642507553452702, -7.592424896444679 ], [ 110.642517512699314, -7.592419584944912 ], [ 110.642555226810515, -7.592403494069472 ], [ 110.642585811091053, -7.592384953217692 ], [ 110.642600917019422, -7.592373932774829 ], [ 110.642613927165769, -7.592360512630881 ], [ 110.642624462269239, -7.592345082337622 ], [ 110.642632218264396, -7.592328090304894 ], [ 110.642634610008557, -7.592318996964145 ], [ 110.642636968105563, -7.592310030233509 ], [ 110.642638573563033, -7.592291427556789 ], [ 110.642636988862904, -7.592272823161463 ], [ 110.642632259792961, -7.592254758009426 ], [ 110.642624523716179, -7.592237756855929 ], [ 110.64261438430475, -7.5922197361008 ], [ 110.642596318608895, -7.592195489102438 ], [ 110.642567036389352, -7.592159967542393 ], [ 110.642534405582765, -7.592127480724348 ], [ 110.642522401866884, -7.592117672704143 ], [ 110.642498740504863, -7.592098340977857 ], [ 110.64246038541269, -7.592072829902198 ], [ 110.642388593768786, -7.592030000730791 ], [ 110.642291012400875, -7.591981865004345 ], [ 110.642265948599587, -7.591966945438953 ], [ 110.642243541369709, -7.591948285912158 ], [ 110.642224345137265, -7.591926350917777 ], [ 110.642218728276447, -7.591917416520539 ], [ 110.642208836300796, -7.591901681772679 ], [ 110.642197397825441, -7.591874890272176 ], [ 110.642192783639516, -7.591851670147959 ], [ 110.642191904807248, -7.591828014389286 ], [ 110.642194781687309, -7.591804517305984 ], [ 110.642201342173891, -7.59178176860893 ], [ 110.642211421708069, -7.591760339841692 ], [ 110.642224768730586, -7.591740768102902 ], [ 110.642241045595981, -7.591723547001784 ], [ 110.642283298538331, -7.591692368276118 ], [ 110.642327910092547, -7.591668047114508 ], [ 110.642329415646429, -7.591667226112329 ], [ 110.642378536216981, -7.591648589265492 ], [ 110.64242974434795, -7.59163680523509 ], [ 110.642482083448314, -7.591632093945276 ], [ 110.642504194289529, -7.591633125234494 ], [ 110.642534577998831, -7.59163454323994 ], [ 110.642571880845736, -7.591638845229546 ], [ 110.642635354391757, -7.59165257430474 ], [ 110.642696207569912, -7.591665736773933 ], [ 110.64272571611005, -7.591669775449176 ], [ 110.642755496764011, -7.591669242721497 ], [ 110.642869618939542, -7.591693356984474 ], [ 110.64312971581775, -7.591748317048615 ], [ 110.643280180804965, -7.59178011087256 ], [ 110.643333003625003, -7.59179127302244 ], [ 110.643421516556302, -7.591806748424252 ], [ 110.64370435444566, -7.591856199066466 ], [ 110.643758517658597, -7.591865668935821 ], [ 110.644170774334498, -7.591929167255796 ], [ 110.644248287415351, -7.591941106622759 ], [ 110.644433798897964, -7.591969679574245 ], [ 110.644446005891339, -7.591971560182166 ], [ 110.64446384367514, -7.591974307437702 ], [ 110.644472777460052, -7.591976863784184 ], [ 110.644471754121767, -7.591985496932911 ], [ 110.644471156156555, -7.591990576429563 ], [ 110.644470916053805, -7.591992620529467 ], [ 110.644468583453914, -7.592012530609819 ], [ 110.64446634306357, -7.592031651992834 ], [ 110.644463458121137, -7.592056281593815 ], [ 110.644450872103576, -7.592163726203088 ], [ 110.644449283579249, -7.592177262486623 ], [ 110.644439229259788, -7.592263002538839 ], [ 110.644434530290283, -7.592303090419333 ], [ 110.64442983404237, -7.592343174683671 ], [ 110.64442680028624, -7.592369070540355 ], [ 110.644424958852852, -7.59238478750082 ], [ 110.64442043789191, -7.592423373963747 ], [ 110.644411932786099, -7.592495964848443 ], [ 110.644394621282956, -7.59264372435382 ], [ 110.644388235138337, -7.592698234899578 ], [ 110.644382672485534, -7.592745710483612 ], [ 110.644381207189085, -7.592758214768975 ], [ 110.644380724877024, -7.592762657552596 ], [ 110.644380237994994, -7.592767145560238 ], [ 110.644379453534498, -7.592775220792777 ], [ 110.644378577969348, -7.59278604851419 ], [ 110.644378055339857, -7.592794322058724 ], [ 110.644377730763495, -7.592802079263944 ], [ 110.644377666619022, -7.592805119423615 ], [ 110.644377577952483, -7.592809317394657 ], [ 110.644377574212768, -7.592810558442215 ], [ 110.644377559103674, -7.592815705352542 ], [ 110.644377541870711, -7.592821230365445 ], [ 110.644377666224344, -7.592829864452636 ], [ 110.644377846938454, -7.592836105131216 ], [ 110.64437818724511, -7.592847813075801 ], [ 110.644379644309637, -7.592890545485596 ], [ 110.644379737254638, -7.592893274606576 ], [ 110.644379760265167, -7.592893955755949 ], [ 110.644381247417328, -7.592937582796031 ], [ 110.644381648780623, -7.592945595680001 ], [ 110.644381696946411, -7.592946554548566 ], [ 110.644381945266986, -7.592949954977112 ], [ 110.644382287719921, -7.592954639951993 ], [ 110.644382818244608, -7.592959922992169 ], [ 110.644383009769541, -7.592961834475385 ], [ 110.644383143083729, -7.592962875728216 ], [ 110.64438390692456, -7.592968858180985 ], [ 110.644385023616508, -7.592975698441375 ], [ 110.644386510001752, -7.592982758811385 ], [ 110.644387363814758, -7.592986263759322 ], [ 110.644389231149646, -7.592993084733785 ], [ 110.644391332558371, -7.592999683379024 ], [ 110.644393856291842, -7.593006439762561 ], [ 110.644394671467822, -7.593008422311422 ], [ 110.644395228792732, -7.593009775983003 ], [ 110.644396693788892, -7.593013079715146 ], [ 110.644398108139256, -7.593016235963203 ], [ 110.64440118895196, -7.593022439214383 ], [ 110.644404711180599, -7.593028735091487 ], [ 110.644406568887945, -7.593031828383392 ], [ 110.644410397815932, -7.593037778971039 ], [ 110.644414373828027, -7.593043459216834 ], [ 110.644416546282159, -7.593046342909313 ], [ 110.644421059909874, -7.593051988317275 ], [ 110.644423439140127, -7.593054772677806 ], [ 110.644425666215824, -7.593057378716278 ], [ 110.644430302610644, -7.593062559282907 ], [ 110.644434515327859, -7.593067022190068 ], [ 110.644436355844121, -7.593068972109242 ], [ 110.644445626667007, -7.593078417830143 ], [ 110.644492357338933, -7.593125243308021 ], [ 110.644522412897373, -7.593155464682381 ], [ 110.644523443703463, -7.593156503051168 ], [ 110.644607599459562, -7.593241137000212 ], [ 110.644613888554602, -7.593247364583231 ], [ 110.6446226660821, -7.593255873681883 ], [ 110.64464608313321, -7.593278153950934 ], [ 110.644699090383597, -7.593328841566867 ], [ 110.644711053862025, -7.593340281316072 ], [ 110.644755570780816, -7.59338269343879 ], [ 110.644760440543408, -7.593387416487733 ], [ 110.644764936196921, -7.593391776503811 ], [ 110.644771076683085, -7.593397928885071 ], [ 110.644773931709409, -7.593400895448481 ], [ 110.644774089314723, -7.593401060206491 ], [ 110.64477704570659, -7.593404232186909 ], [ 110.644782845989312, -7.593410683697915 ], [ 110.644785600225546, -7.593413848276576 ], [ 110.644791394901318, -7.593420504212503 ], [ 110.64480472753911, -7.593436049048363 ], [ 110.644824879106125, -7.593459544171397 ], [ 110.644835777068636, -7.593472478277326 ], [ 110.64483787993089, -7.593475108635356 ], [ 110.644841050525969, -7.59347907408593 ], [ 110.644845186220181, -7.593484609729682 ], [ 110.644847176514546, -7.593487429047839 ], [ 110.644850785555491, -7.593492897323987 ], [ 110.644852569959525, -7.593495841302543 ], [ 110.64485427455034, -7.593498829539111 ], [ 110.644855901142591, -7.593501860226061 ], [ 110.644858765568074, -7.593507734943692 ], [ 110.64486013822625, -7.593510885729034 ], [ 110.644862627802851, -7.593517298351033 ], [ 110.644864693277427, -7.593523508910395 ], [ 110.64486565695023, -7.593526816754172 ], [ 110.644867381173384, -7.593533498308283 ], [ 110.644868362147903, -7.593537816555065 ], [ 110.644868836373988, -7.593539906466632 ], [ 110.644870606981371, -7.593548614263736 ], [ 110.644872257898314, -7.593557352717895 ], [ 110.644883432622507, -7.593618565908267 ], [ 110.644908521926325, -7.593753959525899 ], [ 110.644937568851873, -7.593788243314611 ], [ 110.64493725688564, -7.593791692131137 ], [ 110.644937493381732, -7.593795145918601 ], [ 110.644953803780226, -7.593904937047924 ], [ 110.644956558732872, -7.593924907369201 ], [ 110.645184334868844, -7.593894793518174 ], [ 110.645263502780381, -7.593876908150765 ], [ 110.645364246723204, -7.593873401107807 ], [ 110.645385221421023, -7.593873761052656 ], [ 110.645583716383172, -7.593877169452278 ], [ 110.645626736037386, -7.593917094550218 ], [ 110.645684380938775, -7.593970590863438 ], [ 110.645763488021018, -7.594028094663309 ], [ 110.645792258511136, -7.594042477942852 ], [ 110.645856994613951, -7.594074840543324 ], [ 110.645892956382383, -7.594096410042551 ], [ 110.64595050213434, -7.594121586404775 ], [ 110.645968872967188, -7.594132218146548 ], [ 110.646011841544777, -7.594157086833562 ], [ 110.646018829602326, -7.594161131368904 ], [ 110.646043994988361, -7.594186282242938 ], [ 110.646065534913319, -7.594243739091304 ], [ 110.646065467355896, -7.594326307806307 ], [ 110.646066199867263, -7.594334047783557 ], [ 110.646070175193628, -7.594376063121935 ], [ 110.646072601920366, -7.594401702927394 ], [ 110.646112163881739, -7.594419685160052 ], [ 110.646220107139129, -7.594412592700785 ], [ 110.64623451340897, -7.594394655327197 ], [ 110.646270524223539, -7.594355194447076 ], [ 110.646296230377146, -7.59432105391424 ], [ 110.64630280370983, -7.594312323968417 ], [ 110.64630294074928, -7.594312141359663 ], [ 110.646392870790464, -7.594333754748513 ], [ 110.646497198298519, -7.594348199467905 ], [ 110.646583553699429, -7.59434108935278 ], [ 110.646684301592941, -7.594333991828703 ], [ 110.646754644959785, -7.594334049024043 ], [ 110.646767053002492, -7.594334059111691 ], [ 110.646824607634514, -7.594348465725101 ], [ 110.64685116022909, -7.594360148843484 ], [ 110.646914523063387, -7.594388028100432 ], [ 110.646982882894221, -7.594388083647302 ], [ 110.646983176678461, -7.59438801061697 ], [ 110.647054856402335, -7.594370192109215 ], [ 110.647123225016827, -7.594359477996932 ], [ 110.647166288592814, -7.594363577139626 ], [ 110.647341208884242, -7.59438022910763 ], [ 110.64738156299596, -7.594408511145167 ], [ 110.647400112352443, -7.594421512005601 ], [ 110.647418661710788, -7.594434511960763 ], [ 110.64741410844583, -7.594440726184111 ], [ 110.647421199529091, -7.59443629056824 ], [ 110.647444052436839, -7.594452481670146 ], [ 110.647453558392982, -7.594458298442434 ], [ 110.647463761666728, -7.594462788796647 ], [ 110.647579097092205, -7.594504542597374 ], [ 110.647616876453455, -7.59451520810532 ], [ 110.647625946882641, -7.594517043569514 ], [ 110.647635190686643, -7.594517493394273 ], [ 110.647738402747549, -7.594514715976044 ], [ 110.647755386574275, -7.594514259376392 ], [ 110.64788674775248, -7.594519782335881 ], [ 110.647959761239619, -7.594522851864098 ], [ 110.648025737360214, -7.594525625316646 ], [ 110.648045607523116, -7.594526460940862 ], [ 110.648154278687969, -7.594541751831671 ], [ 110.648162007116781, -7.594542839034702 ], [ 110.648185368384119, -7.594548196642011 ], [ 110.648253007115869, -7.594569950803243 ], [ 110.648274633747789, -7.594576906256758 ], [ 110.648323784993124, -7.594602075517509 ], [ 110.648345161104331, -7.594612762058897 ], [ 110.648360909778219, -7.594620634493434 ], [ 110.648388274791273, -7.594636679947642 ], [ 110.648413251810183, -7.594656221386285 ], [ 110.648435396904986, -7.594678910196588 ], [ 110.64845431333201, -7.594704341721287 ], [ 110.648462539045056, -7.594717100809426 ], [ 110.648477183260525, -7.594739815208056 ], [ 110.648545823555438, -7.594732843241733 ], [ 110.648759321165613, -7.594706688785737 ], [ 110.648798007316799, -7.594693684500125 ], [ 110.64883691835378, -7.594680604409991 ], [ 110.648846652006952, -7.594677332356405 ], [ 110.64888303655988, -7.594659665929291 ], [ 110.6488973973063, -7.594655251541208 ], [ 110.648910929353406, -7.59464873248523 ], [ 110.648980338108473, -7.594608594612841 ], [ 110.64905187570993, -7.59456366610952 ], [ 110.649116067341936, -7.594523350325182 ], [ 110.649126849974365, -7.594514370457959 ], [ 110.649130598404525, -7.594511248243338 ], [ 110.649154972268775, -7.594490948879659 ], [ 110.649166039088044, -7.594480313902982 ], [ 110.649166243223377, -7.59448011687456 ], [ 110.649194725900557, -7.594452745387441 ], [ 110.649213057015515, -7.59443198795858 ], [ 110.64922406872445, -7.594414407753064 ], [ 110.649227752304981, -7.594408526588663 ], [ 110.649238417814374, -7.594382988722123 ], [ 110.649244769237342, -7.59435605797412 ], [ 110.649245044496951, -7.59435423370645 ], [ 110.649247366906152, -7.594338817420325 ], [ 110.64925050871571, -7.594317968126358 ], [ 110.649257892468199, -7.59426896884843 ], [ 110.649259808945089, -7.594239880771523 ], [ 110.64926571453779, -7.594200404372606 ], [ 110.649278039148328, -7.594162432004519 ], [ 110.6492964483257, -7.594126995495412 ], [ 110.649301541419774, -7.59412021724346 ], [ 110.649304267659289, -7.594116588555115 ], [ 110.649317171921197, -7.594099410592372 ], [ 110.649320441774435, -7.594095058697634 ], [ 110.649349367883261, -7.594067488553846 ], [ 110.649375095574513, -7.594046728944701 ], [ 110.649396668515195, -7.59402932188519 ], [ 110.649407156327428, -7.594021671469787 ], [ 110.649418340426365, -7.5940150763285 ], [ 110.649487368798006, -7.593978774283473 ], [ 110.649527863816672, -7.593957478415803 ], [ 110.649565924596246, -7.593937462337203 ], [ 110.649577932751271, -7.59393198588775 ], [ 110.649590481002662, -7.593927889321819 ], [ 110.649672916514433, -7.593906016684921 ], [ 110.649745365964151, -7.593886793568966 ], [ 110.649748146781931, -7.593886289259022 ], [ 110.649764163457903, -7.593883384975189 ], [ 110.649783264910553, -7.593883011411963 ], [ 110.649802180772639, -7.593885684243952 ], [ 110.649820427906533, -7.593891333431002 ], [ 110.649837537738676, -7.593899815675665 ], [ 110.649872857270154, -7.593920998995412 ], [ 110.649885287062759, -7.593925489278399 ], [ 110.649924247645941, -7.59393956209711 ], [ 110.649929209594347, -7.593941354402601 ], [ 110.649937746453986, -7.593943825291706 ], [ 110.649946531713411, -7.593945172017273 ], [ 110.649947103740189, -7.593945185141893 ], [ 110.649955418530212, -7.593945370037961 ], [ 110.649986052142168, -7.593944065922083 ], [ 110.650041554556992, -7.593930268201981 ], [ 110.650055241793282, -7.593927976225075 ], [ 110.650067756010003, -7.593927845192645 ], [ 110.650069120389603, -7.593927830913984 ], [ 110.650095558680562, -7.593929610662389 ], [ 110.650112708895975, -7.593930765118231 ], [ 110.650182476893022, -7.593946104676182 ], [ 110.650191419006717, -7.593947428004656 ], [ 110.650200458227033, -7.593947500409731 ], [ 110.65022609874498, -7.593945922699418 ], [ 110.650252776415883, -7.59394428069441 ], [ 110.650262106385341, -7.593942426627203 ], [ 110.6502820873893, -7.59393845632952 ], [ 110.650305328895854, -7.593933837374371 ], [ 110.650310352934412, -7.593932839169224 ], [ 110.650339899875704, -7.593927809190739 ], [ 110.65034107812177, -7.593928152965734 ], [ 110.650342966033989, -7.593928704455224 ], [ 110.650410429681656, -7.593948396656883 ], [ 110.650422729646593, -7.593954252700405 ], [ 110.650423667572042, -7.593954699401292 ], [ 110.650473368567305, -7.593978363682498 ], [ 110.650486164866649, -7.593990400052607 ], [ 110.650524300125326, -7.59402627105853 ], [ 110.650573341620358, -7.594044877423804 ], [ 110.650611223194431, -7.594059249627269 ], [ 110.65065035075402, -7.594079895023259 ], [ 110.650719113741218, -7.59411617688262 ], [ 110.65076494630992, -7.594151296037835 ], [ 110.650809005849609, -7.594185056928987 ], [ 110.650886907558331, -7.594250935955916 ], [ 110.651012783990325, -7.594313861233333 ], [ 110.651105700715533, -7.59434983498453 ], [ 110.651255574964807, -7.59439782171874 ], [ 110.651318598127432, -7.59440549499695 ], [ 110.651354507897167, -7.594409867493364 ], [ 110.651566523151629, -7.594422937448002 ], [ 110.651737286146854, -7.593884559325248 ], [ 110.651745946708957, -7.593857254088078 ], [ 110.651741141988694, -7.593867350514948 ], [ 110.651745195178137, -7.593858374231234 ], [ 110.651747296698019, -7.593853719258764 ], [ 110.651761407029767, -7.593822466381682 ], [ 110.65182484945548, -7.593681953665119 ], [ 110.651826012092712, -7.593678037867064 ], [ 110.651828051023827, -7.593671173012392 ], [ 110.651856481525343, -7.593575438535692 ], [ 110.651856983305294, -7.593573747417017 ], [ 110.651904933156544, -7.593412285406581 ], [ 110.652023847242489, -7.593011862008752 ], [ 110.65202726423783, -7.593000355167381 ], [ 110.652048006183648, -7.592930509255205 ], [ 110.652067449137817, -7.592865037641531 ], [ 110.652081249822174, -7.592818566242716 ], [ 110.652119809364748, -7.592688723593603 ], [ 110.652138258740194, -7.592626599848157 ], [ 110.65216619549966, -7.592532527520308 ], [ 110.65218873946516, -7.592466265988736 ], [ 110.652201931983072, -7.592427491873933 ], [ 110.65220293428095, -7.592424544726134 ], [ 110.65220380299921, -7.592421990953553 ], [ 110.652208356079285, -7.592406873124749 ], [ 110.652200579875412, -7.592406605484878 ], [ 110.652191537061739, -7.592406529501735 ], [ 110.652187976142287, -7.592406499515246 ], [ 110.652179473466433, -7.592406632916696 ], [ 110.652176804492157, -7.592406732090996 ], [ 110.652166574632361, -7.592407112862967 ], [ 110.652109897260374, -7.592410029015633 ], [ 110.652110519921067, -7.592391037444144 ], [ 110.65211089445917, -7.59237959872145 ], [ 110.652111085328443, -7.592372220406218 ], [ 110.652111466076718, -7.592357567798971 ], [ 110.652111807300244, -7.592340207822224 ], [ 110.652111999215606, -7.592330400773393 ], [ 110.652113574975573, -7.592250133492666 ], [ 110.652114930433569, -7.592181152187835 ], [ 110.652115802936166, -7.592136681266119 ], [ 110.652117189276098, -7.592066496925361 ], [ 110.65211790320015, -7.592029833104387 ], [ 110.652118283077655, -7.592010624244623 ], [ 110.65211923315303, -7.591970020364066 ], [ 110.652120441823072, -7.591929133564149 ], [ 110.652120547934857, -7.591920056423617 ], [ 110.652120486280239, -7.591915557109757 ], [ 110.652120294949412, -7.591911106538141 ], [ 110.652120234766002, -7.591910415408757 ], [ 110.652119914086612, -7.591906733606692 ], [ 110.652119262070187, -7.59190247805055 ], [ 110.652118450700257, -7.591899101595898 ], [ 110.65211771095278, -7.591896846848752 ], [ 110.652116362674178, -7.591893755804239 ], [ 110.65211588111346, -7.591892853575859 ], [ 110.652114667002124, -7.591890893334458 ], [ 110.652114077499888, -7.591890067906993 ], [ 110.652112624811181, -7.59188829924064 ], [ 110.652111932795833, -7.591887564186774 ], [ 110.65211025329674, -7.59188600971877 ], [ 110.652108651508087, -7.591884770098646 ], [ 110.652106711583471, -7.591883520257788 ], [ 110.652105817217176, -7.591883021131189 ], [ 110.652105955089382, -7.591880671203519 ], [ 110.652106506603587, -7.591871239833311 ], [ 110.652107004793066, -7.591862734686376 ], [ 110.65211120448987, -7.591791017564087 ], [ 110.652111784487204, -7.591781113133511 ], [ 110.652113049179221, -7.591770900797163 ], [ 110.652115620014655, -7.59176093554565 ], [ 110.652119456064057, -7.591751384689154 ], [ 110.652132634080957, -7.591723859628867 ], [ 110.6521435101197, -7.591701144062336 ], [ 110.65216443130349, -7.591657448107465 ], [ 110.652166273244632, -7.591654280015127 ], [ 110.652168598110208, -7.591651445186097 ], [ 110.652171813857251, -7.591648933092169 ], [ 110.652173243481371, -7.591647816204262 ], [ 110.652187640413416, -7.591636567804542 ], [ 110.652188513064317, -7.591635886467163 ], [ 110.652202265938257, -7.591625142294102 ], [ 110.652212315033424, -7.591617291547268 ], [ 110.652236000506377, -7.591604903600297 ], [ 110.652296457512932, -7.591603840268275 ], [ 110.65233060234624, -7.591599892959966 ], [ 110.652356521267592, -7.591596896090607 ], [ 110.652415620587433, -7.591584136643221 ], [ 110.652460891857942, -7.591569625764101 ], [ 110.65247318968386, -7.591565683589174 ], [ 110.652528679041453, -7.591541714687275 ], [ 110.652598277219184, -7.591492707167342 ], [ 110.652627568858108, -7.59147007324284 ], [ 110.652717846701947, -7.591400315416927 ], [ 110.652726681995674, -7.591393487645833 ], [ 110.652811864272977, -7.591352869639531 ], [ 110.652830679119006, -7.591344620637726 ], [ 110.652847940632341, -7.591333491190555 ], [ 110.652859168212274, -7.591323398068446 ], [ 110.652863209814214, -7.591319764978348 ], [ 110.652868134566774, -7.591313660440061 ], [ 110.652875391474282, -7.591304666801009 ], [ 110.652876096566061, -7.591303792657782 ], [ 110.652886275112522, -7.591285977401179 ], [ 110.652893485814516, -7.591266774897973 ], [ 110.652899651648227, -7.591245960544758 ], [ 110.652909312046674, -7.591226513957976 ], [ 110.652922179169323, -7.591209012919259 ], [ 110.652937869124941, -7.591193980860128 ], [ 110.652955916496097, -7.591181862450648 ], [ 110.652987179182162, -7.591165707604105 ], [ 110.653017108395929, -7.591147207984263 ], [ 110.653081755417162, -7.591114485685874 ], [ 110.653117522943162, -7.591093561983531 ], [ 110.653144289631953, -7.591077903756982 ], [ 110.653170482997865, -7.591059326971231 ], [ 110.653206211445408, -7.591033988088586 ], [ 110.653221883234011, -7.59102124362785 ], [ 110.653265099483448, -7.590986099891104 ], [ 110.653320700651889, -7.590934446107481 ], [ 110.653327257991393, -7.590928466789748 ], [ 110.653334635452111, -7.590921739152946 ], [ 110.65333727450701, -7.59092276431135 ], [ 110.653423224130847, -7.590956171192169 ], [ 110.653446182639797, -7.590965094857972 ], [ 110.653455712224286, -7.590967457921243 ], [ 110.65349158457478, -7.590976354793133 ], [ 110.653552240737241, -7.590991397978979 ], [ 110.653646149849152, -7.591014688265897 ], [ 110.653676549539014, -7.591022227545211 ], [ 110.653684593583847, -7.591024222169967 ], [ 110.653697790348616, -7.59102749542013 ], [ 110.653710987114337, -7.591030767765395 ], [ 110.653754599886625, -7.591041584824583 ], [ 110.653772925808383, -7.591046129442252 ], [ 110.653854664066841, -7.591057488836634 ], [ 110.653916708787719, -7.591066110725082 ], [ 110.653932334755169, -7.591026752331156 ], [ 110.653948582053644, -7.590985826834133 ], [ 110.653948823217192, -7.590976730802889 ], [ 110.653950560928948, -7.590911157244962 ], [ 110.653967882762629, -7.590846072794236 ], [ 110.653984496537745, -7.590815050674901 ], [ 110.65399863081953, -7.590788657912059 ], [ 110.654013097715364, -7.590764643493308 ], [ 110.654044744783562, -7.590712108502208 ], [ 110.654092753411945, -7.590666195220465 ], [ 110.654136929819188, -7.59061262000107 ], [ 110.654169580795653, -7.590574353373242 ], [ 110.654198383010495, -7.590551400542116 ], [ 110.654248285390125, -7.590536123374778 ], [ 110.654313548452592, -7.590509369640213 ], [ 110.65432550464503, -7.5905097409706 ], [ 110.654376869406491, -7.590511334936482 ], [ 110.654445954594834, -7.590503730975704 ], [ 110.654505468694268, -7.590467399716137 ], [ 110.654559238420575, -7.590415747021453 ], [ 110.654589530130735, -7.590400664991419 ], [ 110.654616827222085, -7.590387073098851 ], [ 110.654651374388209, -7.590377527619822 ], [ 110.654666706654567, -7.590400515545141 ], [ 110.654651307166802, -7.59046177166382 ] ] ] } }
]
}
